text;retweets;favorites
"How do we get a win in Los Angeles? Check the #BUFvsLAC scouting report: http://bufbills.co/rATCLE pic.twitter.com/L6JyBC1HQ2";12;92
"He goes by Hauschmoney, but here are some more reasons to love our kicker. It's Fun Fact Friday with Stephen Hauschka! #GoBillspic.twitter.com/zz414eL2BI";27;163
"Mike Tolbert and two other Bills are officially OUT for #BUFvsLAC. Full injury report: http://bufbills.co/injuryreport pic.twitter.com/vo9eJg13Np";17;73
"True Buffalove is getting engaged at a Bills game! #GoBills Use #BillsFriday to tweet us your photos wearing Bills gear today and you could win a prize from @YanceysFancy! http://bufbills.co/FdjOnI pic.twitter.com/H1yu5Ppevr";17;118
""We have to get more pressure, but it still comes back to stopping the run.” Our defense knows they need to turn up the pressure: http://bufbills.co/68srOD pic.twitter.com/bS9OacukbV";9;90
"McDermott: “I’m very happy with our rookie class and how they’ve contributed. We continue to add guys that have our DNA while building toward what we want to become.”pic.twitter.com/1m9TxY74oD";25;328
"Jim Kelly paid a visit to some die-hard Bills fans and met two HUGE supporters while he was there! #GoBillspic.twitter.com/nx2Uy8lJoz";134;826
"Over 30 Bills teamed up with the @FoodBankofWNY to provide meals for families on Thanksgiving. Bills Life: http://bufbills.co/9v9Ghf pic.twitter.com/exOpJDJJih";11;62
""I have a lot of confidence in Nathan. It's time for us to come together because our goal is still in sight.” Buffalo's rookie class is rising up: http://bufbills.co/z4LOI8 pic.twitter.com/zZakj06B1b";33;288
"Watch Me by Jaden Smith.";1;1
"Sunday's starting QB: @NatePeterman, trick shot edition. #GoBillspic.twitter.com/ZmC8ws6jM2";775;2031
""He makes quick decisions and gets rid of the ball on time. There are a lot of qualities to like about Nathan.” Bills teammates talk Peterman: http://bufbills.co/3eS89c pic.twitter.com/lm7msS4aSC";81;450
"This week’s prizes includes a Kelsea Ballerini package with her brand-new album, Unapologetically! Don’t miss out, The Challenge is almost over: http://bufbills.co/Challenge pic.twitter.com/qwElnkR6yX";3;26
"“It was pretty emotional, I’ve been through a lot to get here." Peterman's first NFL start is a dream come true: http://bufbills.co/SWtsKS pic.twitter.com/Rymxs1LGt5";57;391
"We're getting ready to head out west with a new QB in the huddle. #BUFvsLAC #GoBillspic.twitter.com/9utRFY8Vpx";92;540
""I have to move forward and continue to be the teammate and leader that I am from a different role." Taylor takes role of good soldier despite QB change: http://bufbills.co/w9blDT pic.twitter.com/zfFDgsCOzX";43;360
"Want to win tickets to a Bills game, on-field passes and be featured on the scoreboard as our next Moe’s Valuable Player? Download the Moe’s Rockin’ Rewards App and visit participating Moe’s Southwest Grill locations: http://buffalobills.com/MoesValuablePlayer …pic.twitter.com/6bT5dP20Vr";11;32
"“I’ve been on both sides of this situation and I’m very thankful for this opportunity. Tyrod and I have a great relationship, but I know I have to earn this position every day.”pic.twitter.com/frdDE8D2uM";50;437
"“I’ve prepared for this opportunity since the first time I stepped foot in Buffalo. Our mission has been playoff caliber since I got here and that isn’t changing.”pic.twitter.com/3hqQBUewp4";179;1057
"“Tyrod is a solid teammate so it’s tough, I think guys were surprised. I’ve talked with Peterman and told him to play with confidence. I’m here to help him as a rookie.”pic.twitter.com/wqBc8KWVqU";97;813
""It’s about getting us to where we’re trying to go, to win a championship." 5 reasons why McDermott made a QB change: http://bufbills.co/EFT2FU pic.twitter.com/gHYPSdCG6j";51;243
"Now taking snaps with the ones. #GoBillspic.twitter.com/yyaMGVkgAc";152;757
""We are made for more than 5-4 and I’ve come here to be more than 5-4.” Nathan Peterman will start at QB Sunday: http://bufbills.co/wG0IWo pic.twitter.com/PzczNBpoiu";107;438
"“Nathan Peterman is a great guy and I wish him the best. I still want to see this team do well so I’ll be there for him and our team.”pic.twitter.com/xGrwkblOAR";93;868
"“I’m obviously disappointed and it’s a decision that I don’t agree with. Ultimately, it’s Coach McDermott’s decision and I need to continue to be the leader and teammate that I know I can be.”pic.twitter.com/ZczvI8S1f0";227;1448
"McDermott: “I’ve been impressed with the maturity from Nathan Peterman. I’m comfortable making a calculated risk to try and get us where we need to go.”pic.twitter.com/LGoUgQyU18";169;753
"McDermott: “We are in the playoff hunt and we are always focused on becoming the best team possible. We were made for better than 5-4.”pic.twitter.com/02rHfbInoZ";66;341
"Head Coach Sean McDermott has announced that Nathan Peterman will start this Sunday at QB.pic.twitter.com/PS6BenGTrR";2954;5919
"We're wearing white on white in the L.A. heat. It's Chargers week. #WhoYouWith #GoBillspic.twitter.com/glaBiv7PUK";53;342
"Sign up your child for the @DoodleBugsUSA Billy Buffalo Birthday Club! http://bufbills.co/bdayclub pic.twitter.com/bqqq6Zdxil";3;18
""The Bills currently hold a playoff spot and control their own destiny." Here's a look at the playoff picture: http://bufbills.co/eOOhlw pic.twitter.com/JcfrJ64fd2";71;351
"Master Sgt Kozma has been waiting to be matched with a service dog for years. He never thought he'd meet his new puppy at New Era Field.pic.twitter.com/oUsweZ8AFr";101;427
"We have released DT Jerel Worthy and re-signed DT Deandre Coleman. Details: http://bufbills.co/MvGjXH pic.twitter.com/WWhjwTzMnb";36;118
"Over 30 Bills spent the day at the Food Bank of WNY passing out Thanksgiving meals to over 1,000 families in the Buffalo community! #OneBuffalo More Thanksgiving Blitz Photos: http://bufbills.co/92WcFA pic.twitter.com/13ZIw4FT80";22;112
"Happy birthday, @JoeWebb_14! https://twitter.com/JoeWebb_14/status/930527442241970176 …";8;149
"Some pages are hopeless. Some, determined. Some, heartbroken. Some, overjoyed. Eddie Yarbrough’s remarkable journey, as told by his journal.pic.twitter.com/C4qCpW2Td9";277;923
"Enter for a chance at club tickets to our next home game on December 3rd: http://bufbills.co/RxSHPT pic.twitter.com/ieHpByITxf";15;38
"“We’re sitting at 5-4. We haven’t given the fans a lot to be excited about the last two weeks, but I’m confident in our team." Bills are focused on the upcoming schedule: http://bufbills.co/JmtLjG pic.twitter.com/fHQto02dle";23;201
"Congrats, @Andy2525! #OneBuffalo";4;43
""I believe in our locker room and I'm excited about where we are going." Bills know it's time to go back to work: http://bufbills.co/XwFO1k pic.twitter.com/Vo5G6hHDep";21;187
"Enter the VIP Brewing Experience sweepstakes for a chance win suite tickets and a tour of Southern Tier Brewery: http://bufbills.co/upIw2g pic.twitter.com/XwFsCrBvED";9;18
"McDermott: “I believe in Tyrod Taylor and he is our starter. I’ve seen Tyrod grow and take steps forward this year.”pic.twitter.com/qbZLwHlEPM";130;630
"McDermott: “We are 5-4. Big picture perspective says we are in the playoff hunt. I believe in the men in our locker room. We are looking forward to getting back to work.”pic.twitter.com/uWZwDxsyPg";34;238
""That wasn’t us. That wasn’t us in back to back weeks." Top 3 things we learned from #NOvsBUF: http://bufbills.co/iri7ZY pic.twitter.com/eavmMQlolt";15;129
""Not an easy pill to swallow, especially at home. Our fans deserve more and so we go back hard at work to give them more." Bills players and coaches react to today's game: http://bufbills.co/qMIO94 pic.twitter.com/cEvkcyWWKp";36;259
