text;retweets;favorites
"It's Friday, and we love you... So RETWEET for a chance at two tickets to Sunday's game! #GoBills http://bufbills.co/40CKpm pic.twitter.com/sQsLPiLDXI";1143;251
"Kelvin Benjamin and three others are officially OUT for Sunday's game. Seven are questionable. Complete report: http://bufbills.co/injuryreport pic.twitter.com/JiPiMD9nFy";39;114
"He's the second best rookie after Week 12. @TreWhite16 is climbing in Rookie of the Year rankings: http://bufbills.co/ZuiNBe pic.twitter.com/4Gnls2pEc9";80;363
"McDermott: “LeSean McCoy and Kelvin Benjamin will not practice today. Kelvin is out for Sunday.” #NEvsBUFpic.twitter.com/lrpBni4VA3";55;205
"Our players, coaches, and owners are going all out for their favorite charities on Sunday. #MyCauseMyCleats Whose design is your favorite? View them all: http://bufbills.co/5i4yOq pic.twitter.com/FB65o1mmO7";69;203
"Sunday is coming and we're focused on the Patriots. #NEvsBUF #GoBillspic.twitter.com/cDH0HYSF7s";60;274
"Full-time NFL player, part-time chef. We invaded cornerback Leonard Johnson's kitchen to see the chef at work.pic.twitter.com/tOWya4hqfx";35;191
"We're back home. A divisional opponent is coming to town. And it's officially Patriots week. #NEvsBUFpic.twitter.com/d9JZOvL6Dw";46;370
"Is it magic? Is it the force? Is @zayjones11 even human? This is the #ZayJonesChallenge.pic.twitter.com/ygGA81X4Jf";1541;4483
"When the Patriots come our house, we'll be ready in all blue. #WhoYouWith #GoBillspic.twitter.com/0wAT6gHTRh";211;964
"KB13 is back at practice. #NEvsBUFpic.twitter.com/UwYqDEiX6S";240;1602
"“The way I’ve prepared hasn’t changed, my job is to prepare this team for the next game. I’m a leader so I’ve continued to stay the same each and every day.”pic.twitter.com/PWvv9sjNdC";50;423
""You can't think of Buffalo without thinking of the Bills." A die-hard fan won our @Airbnb​ contest - the overnight stay of a lifetime!pic.twitter.com/cfOTUWVOYU";125;569
"SPOILER ALERT: We're wearing all red on December 10th at @newerafield and we want you there! Lock in your tickets now: http://bufbills.co/2017Tickets pic.twitter.com/FYvY6OS2N4";269;902
""Buffalo played a mostly mistake-free game in one of the toughest places in the league to win." @theMMQB names McDermott Coach of the Week: http://bufbills.co/hkKZHO pic.twitter.com/mfgcnRHbQE";25;149
""Tre day! Tre day! Tre day!" Listen in to @JohnMurphyShow for the @HilbertCollege Call of the Game!pic.twitter.com/7NXqJv6T0R";43;174
"McDermott: “Our team knows there aren’t a lot of people that believe in us. That’s fine with us because we’ll use that to our advantage.” #GoBillspic.twitter.com/ycpmER4F7N";62;332
"McDermott: “Kelvin Benjamin is working hard at his rehab and is considered day-to-day.” #GoBillspic.twitter.com/kdAA4QKTX2";19;109
"#VictoryMonday https://twitter.com/CutonDime25/status/934918826960941056 …";42;405
"Here comes Lorenzo Alexander and Eddie Yarbrough! #CarubbaCollisionpic.twitter.com/3QhoHc9Bzz";19;110
"We're hosting a Madden 18 tournament at One Bills Drive tomorrow and you can watch online. More details: http://bufbills.co/zgpp7c pic.twitter.com/WMITUDyHYG";20;70
"Three straight home games in December. 5 things to know heading into #NEvsBUF: http://bufbills.co/1nRfPY pic.twitter.com/oDBbf5Ej0Y";26;147
"What's our biggest advantage for this AFC East battle? #GoBills Here's the Week 13 Scouting Report: http://bufbills.co/Am2Ro1 pic.twitter.com/WkMpKEeZqc";7;46
"Stop by @Safelite AutoGlass on Tuesday to meet Jordan Poyer. He'll be signing autographs from 6-7 pm! #GoBillspic.twitter.com/fnSSUjr36w";18;111
"Start 'em young. #GoBills Use #BillsFriday to tweet us your photos wearing Bills gear and you could win a prize from @YanceysFancy! http://bufbills.co/FdjOnI pic.twitter.com/ebZnNA7ttm";9;73
"We know how far he can kick a football, so here are some new facts about our punter! Colton Schmidt. Fun Fact Friday. #GoBillspic.twitter.com/zBLC7BRcKp";8;37
"Bring the whole crew when we take on the Colts on December 10th for Family Day at @newerafield! #GoBills Get your tickets now: http://bufbills.co/2017Tickets pic.twitter.com/wkl55LDkq8";9;44
"We're still not sure how @zayjones11 did it... The #ZayJonesChallenge: http://bufbills.co/pHego3 pic.twitter.com/vCXQjQroxn";20;104
""I’m really just trying to do the best I can, but we know we can be more as a team." Zay Jones continues strong play: http://bufbills.co/TzWt6s pic.twitter.com/H5o0zUAzzM";9;158
"Which Bills player are YOU most like? #WhoYouWith Be the first to take our quiz and find out: http://bufbills.co/CYm99L pic.twitter.com/S1TF4kHiDV";41;165
"Ten lucky fans at this Sunday's New England game could win a 1 carat diamond from @ReedsJenss! Will you be one? #GoBillspic.twitter.com/WY94Joeasz";13;56
"Join us for the @Unyts One Buffalo Blood Drive on Dec. 4 at KeyBank Center! All donors will receive a pair of One Buffalo gloves and have a chance to meet Bills and Sabres alumni. REGISTER: http://bufbills.co/Z3mkXz pic.twitter.com/4YZQAr60hu";4;19
"McDermott: “We’ve seen a lot of our young players develop this season. Zay has shown he has grit and I’m really proud of how he has persevered. It speaks to the kind of men we have in our locker room.” #NEvsBUFpic.twitter.com/ZpX6gG0hCT";18;209
"Four of seven punts inside the 20-yard line? Welcome to Colton's Corner. Our Week 12 Brownie points are served: http://bufbills.co/kSSLG2 pic.twitter.com/pc8hkMhUod";17;140
"No surprise here. You voted Tre White as the Bluerock Energy Player of the Week! Congrats, @TreWhite16! #GoBillspic.twitter.com/ngAIXekGaj";24;255
"It's a #MicroMoment GIVEAWAY! RT for your chance to win a @Bose #SoundLink Micro + official #GoBills ugly sweater. http://bose.life/2zIqp03 pic.twitter.com/XhXPuk16k0";849;222
"Jedi? Matrix? Illuminati? We can't confirm or deny but @gmfb has some thoughts...pic.twitter.com/wWHHUNpuee";365;1133
"Who's our @BlueRockEnergy Player of the Week? #GoBills Cast your vote: https://bluerockenergy.com/potw/ pic.twitter.com/rmJcXcaTW2";8;45
"An interception in crunch time to lock up the win. Tre White is balling and @DeionSanders is calling. pic.twitter.com/oLFXCBVoAe";545;1826
"Take advantage of our Cyber Monday sale! Gear up: http://bufbills.co/aOPscD pic.twitter.com/LjIDhZSQHI";6;29
"Fans through the gates on Sunday will receive Panini trading cards, courtesy of our game day sponsor, @Unyts! #GoBillspic.twitter.com/9d6e3pHnPT";6;39
"We'll see you at our place on Sunday! #GoBills";1;1
"“We have the same mindset as a team. Everyone is coming in and preparing hard. I think it’s always a special feeling when you play the Patriots.” #NEvsBUFpic.twitter.com/84ve9ktkCb";31;255
"It's officially Patriots week. Top 7 storylines for #NEvsBUF: http://bufbills.co/aWjUwF pic.twitter.com/v3hO1Wd0Pw";15;105
""When the Bills protect the football, play sound defense and run the ball, they can challenge for the best teams." Bills climb in Week 13 Power Rankings: http://bufbills.co/RbyNMo pic.twitter.com/C6zU02q9bG";30;186
"Let's send our Bills to the 2018 Pro Bowl in Orlando! #GoBills VOTE NOW: http://buffalobills.com/probowl pic.twitter.com/ttjTbnjKzK";23;104
"Zaaay! #TouchdownTuesday pic.twitter.com/DeApue4ohx";36;235
"Help us give the Gift of Warmth this holiday season with M&T Bank. Learn more: http://bufbills.co/VW4tPR pic.twitter.com/3ejC2Jr424";4;25
"Special delivery. Thanks @FedEx for shipping our players their new kicks for #MyCauseMyCleats!pic.twitter.com/VXWcR2O5zP";16;112
"Want to win four M&T Club tickets for the New England game, courtesy of @Safelite AutoGlass? ENTER: http://bufbills.co/2R9b03 pic.twitter.com/YqeI7TJ6m9";15;30
""The time is now, we're bringing the juice today!" Listen to @EWood70 mic'd up, presented by NAPA, during our win over the Chiefs. #GoBillspic.twitter.com/Wue9oBydc3";23;128
"We're LIVE to kick off #MyCauseMyCleats Week! Tune in on the Bills Facebook page at 11:30 am to watch six Bills players unveil their cleat designs. #GoBillspic.twitter.com/QSNZpmLzkw";12;40
"Three Bills players. The amazing kids at @OCHBuffalo. And the coolest #MyCauseMyCleats designs on the field. This is what it's all about.pic.twitter.com/qKLTZ3dZDs";196;611
"It's Ticket Tuesday! #GoBills Enter for a chance at tickets to this Sunday's game against the Patriots: http://bufbills.co/RxSHPT pic.twitter.com/jigGapVWiy";11;43
"You're in luck. We've extended our Cyber Monday sale! Gear up: http://bufbills.co/aOPscD pic.twitter.com/fiNa4pa55E";13;49
""Tre is one of the best corners in the league and he's come up big for us all year." @TreWhite16 sealed the deal with his INT: http://bufbills.co/V1mYxp pic.twitter.com/rzcDonCAKx";58;408
"The best kind of Monday is a #VictoryMonday! #GoBillspic.twitter.com/3tpD5ejU9W";228;886
""It shows the resiliency and the character that this team has." #GoBills Bills players react to the win: http://bufbills.co/Y4T4Za pic.twitter.com/b6PDA1EArE";24;216
"When your squad just got the W. #GoBillspic.twitter.com/mFSOTigvDT";294;1365
"The defense balled out today. #GoBills Top 3 things we learned in today's win: http://bufbills.co/TUmpiS pic.twitter.com/yfeg3hVM5m";20;245
"Our guy @EddieYarbrough had a blast hanging and playing with the athletes of the Hamburg Adaptive Football Clinic tonight! #GoBillspic.twitter.com/SGj0vw0b4v";28;234
"#VictoryMonday isn't over yet pic.twitter.com/sIQV168jwJ";49;382
"We went down to KC. And we came back with a W. #GoBillspic.twitter.com/3pUS8kvW9i";63;455
"No rookie has broken up more passes this season than Tre White. #GoBillspic.twitter.com/sFoLvNsBFK";164;739
"You know it. #GoBills";1;4
"Kelvin Benjamin remains day-to-day with a torn meniscus. More updated from Coach McDermott: http://bufbills.co/6EUjKO pic.twitter.com/X2ZuWPDwJm";18;82
"Handshake on pic.twitter.com/pplhB0b99Z";45;325
"We knew the force was strong with this one. #GoBillspic.twitter.com/7ORH5vV5Gj";57;387
"But...how?! via @thecheckdownpic.twitter.com/6cHwI8PVEZ";680;1900
