text;retweets;favorites
"How does Kelvin Benjamin match up against the Saints secondary? #NOvsBUF scouting report: http://bufbills.co/rmpEyO pic.twitter.com/s31lkHTzGv";8;66
"GM Brandon Beane paid a visit to @OCHBuffalo on their big day! Congrats to all the hardworking staff, nurses, doctors and more who made the move possible.pic.twitter.com/7nzmj42iF5";22;145
"Leaving work on a Friday like... #GoBillspic.twitter.com/PWS1M5jvT6";27;207
"Kelvin Benjamin vs Mike Tolbert. You never know what’s going to happen when @JoeWebb_14 takes over our Snapchat: http://snapchat.com/add/BillsNFL pic.twitter.com/OenVPEHsmG";75;348
"It's Bills Friday! Use #BillsFriday and tweet us your photos wearing Bills gear and you could win a prize from @YanceysFancy. Rules: http://bufbills.co/FdjOnI pic.twitter.com/UUF4q8Csxi";13;68
"Just call him The Shnowman. It's Fun Fact Friday with @DDawkins66! #GoBillspic.twitter.com/8zf9xIyBTi";31;124
"Two Bills are officially OUT for Sunday's game. #NOvsBUF Complete injury report: http://bufbills.co/injuryreport pic.twitter.com/zha4CNUN3R";13;43
""Everybody wants to talk about his athleticism, but he doesn't get enough credit for how good his arm and vision are." T2 can beat you with arm and his legs: http://bufbills.co/sV6HpQ pic.twitter.com/YscrkOMXMj";37;240
"Check out the Bud Light Snapchat geofilter this Sunday at @newerafield to share your photos with your friends! #FamousAmongFriendspic.twitter.com/5HaqpNIm4Q";2;26
"It’s football weather in Buffalo. You know we’re practicing outside today. #GoBillspic.twitter.com/5834BoWPi6";67;427
"The Buffalo Bills family is so proud to support the team at @KaleidaHealth, making the big move today to the brand new Oishei Children’s Hospital. You have a lot of fans at One Bills Drive!pic.twitter.com/RbH7276r5R";13;118
"We like your style, Jothi and Surapa! #GoBills";3;9
"His first job was working a concession stand at @ClemsonUniv. We asked Shaq Lawson 20 questions in What's The Scoop with @perrysicecream!pic.twitter.com/mnr7QiTC35";29;162
"Our Bills know who the real heroes are. Thank you, veterans. #SaluteToService #VeteransDaypic.twitter.com/ir48Yyx5Ei";429;1647
"Eat healthy and exercise. Preston Brown teamed up with the American Dairy Association Northeast for Fuel Up to Play 60: http://bufbills.co/BMikqY pic.twitter.com/SnJUbzATH6";11;41
"T2 + KB13 = . #GoBillspic.twitter.com/R4PFh61fPC";235;992
""There really isn’t anybody like him at that position. People aren’t able to stop him." We'll just say our locker room is on board with the addition of Kelvin Benjamin: http://bufbills.co/61zxmb pic.twitter.com/6gJObEU5p7";64;450
"#GoBills";3;4
""I want to do whatever I can to put the Bills in a position to win." Our newest RB has some familiarity with the Saints: http://bufbills.co/PG6QoN pic.twitter.com/r42s7jN3tY";24;255
"Ten lucky fans at the New England game could win a 1 carat diamond from @ReedsJenss. Will you be one?pic.twitter.com/z2Uy4JO0eL";16;78
"#DefendOurDirt Top 7 storylines for Bills vs Saints: http://bufbills.co/EsKGik pic.twitter.com/pPaXxbOo6a";35;206
"Back to work. It's officially Saints week. #NOvsBUF #GoBillspic.twitter.com/HtQgYxGV9v";53;339
"Concede [kən-ˈsēd]: to surrender or yield. Coach learned a new word today: http://bufbills.co/sjVPku pic.twitter.com/MpLwc4yNHG";59;282
"Hey-ayyyyyyy-ayyyyyyyy-ayy! Hey-ayyyyyyy-ayyyyyyyy-ayy! Hey-ayyyyyyy-ayyyyyyyy-ayy! Hey-ayyyyyyy-ayyyyyyyy-ayy! Let's go Buffalo! Let's go Buffalo! Let's go Buffalo! Let's go Buffalo! The Bills make me wanna SHOUT! Thanks for letting us sing our song in 280, @Twitter. #GoBills";1653;4653
"Real recognize real. #GoBillspic.twitter.com/qBsGyK3qBu";133;990
"When one of your childhood idols is part of your new fam. @kelvinbenjamin, meet @thurmanthomas. #GoBillspic.twitter.com/YsIOlXXadO";222;1034
"“The fans are crazy here and they really help us out. That stadium gets rocking and we love it. You don’t want another team to come in and win at our place.” #DefendOurDirtpic.twitter.com/VZN7BZnVgU";132;712
"Kelvin Benjamin and Charles Clay are both expected to play this Sunday. Top 7 storylines for #NOvsBUF: http://bufbills.co/EsKGik pic.twitter.com/52N9Xc274n";275;1234
"Open your @Uber_NY app between now and 2 pm today and tap the red Buffalo Bills pop-up for a chance to win Bills tickets and a @NewEraCap swag bag!pic.twitter.com/mecUDLcnLY";4;65
"Charles Clay is back at practice. #GoBills Updates from practice: http://bufbills.co/85o5Yv pic.twitter.com/s4f5ejNxwm";41;433
"Meet you at Duff’s or on our Bills Facebook page tonight for a Facebook LIVE with Dion Dawkins!pic.twitter.com/xz6S0tKiyr";8;52
"“Getting a playmaker like Kelvin Benjamin is big for our offense. He’s a player than can make contested catches, you just have to give him the chance.” #GoBillspic.twitter.com/puVkQTN3YP";32;294
"For every retweet of #SaluteToService, the NFL will donate $5 to military non-profit partners. You know what to do, Bills family! RETWEET! #GoBillspic.twitter.com/aRd8NYDWOo";5008;1044
""I still believe in Buffalo and I like how Sean McDermott has this team playing on both sides of the ball." Week 10 power rankings: http://bufbills.co/e6o8f5 pic.twitter.com/PYPbV9BTJ4";31;175
"McDermott: “New Era Field is a special place to play. Our team embraces playing at home. It’s a nice environment for a home team and a challenge for our opponents.” #GoBillspic.twitter.com/5BGJYUC4dl";37;336
"This Sunday's work attire: Blue on white with a splash of #SaluteToService. #WhoYouWith #GoBillspic.twitter.com/K6hV3qlAAH";196;795
"You and three friends could win tickets to sit in the M&T Bank Club at Sunday's game, courtesy of @safelite! ENTER: http://bufbills.co/Lqtbpi pic.twitter.com/tXenvh8rIO";16;52
"He's a great teacher. Andre Reed was his intern. And he's coached on the biggest stage. Get to know Coach Culley in Life On the Sidelines.pic.twitter.com/IZfaCfpZp6";34;220
"What's a day like in the life of @KimPegula? Season ticket members found out at a Q&A with our owner as part of the 2017 Speaker Series!pic.twitter.com/xL6NR4bWsy";18;98
"Enter the VIP Brewing Experience sweeps for a chance at tickets to a game and a tour of the @stbcbeer Brewery! http://bufbills.co/upIw2g pic.twitter.com/cjSG8tQMfA";9;29
"pic.twitter.com/o0FVRBwgqd";1;10
""He is GONE!" @CutonDime25 to the house. #TouchdownTuesdaypic.twitter.com/ayVhVjE6Xr";59;358
""We have to find a ways to be effective against Drew Brees." Our defense knows the pass rush needs to improve: http://bufbills.co/PxLSO4 pic.twitter.com/paW517mxOe";23;189
"Want to come to Sunday's game? #GoBills Enter for a chance at club tickets: http://bufbills.co/RxSHPT pic.twitter.com/BvpE1PKtUr";16;107
""He'll be on the field Sunday and have a chance to make some plays." His first practice is in the books and KB13 is loving his new home.pic.twitter.com/1Nsc9SWTJ8";122;756
"This week’s prizes include an autographed Kelsea Ballerini package with her CD and acoustic guitar! Don’t miss out: http://bufbills.co/Challenge pic.twitter.com/tZRwJZ96wR";6;35
"";4;194
""I'm so excited to be here. Buffalo has welcomed me with open arms." KB13 is already feeling at home: http://bufbills.co/vEHMX9 pic.twitter.com/n7CetAoIpG";72;604
"We can get used to this. #GoBillspic.twitter.com/4sOmCVBavI";243;1110
"“This city has a college-like atmosphere and it’s going to be great playing here. You can feel the energy.” #GoBillspic.twitter.com/BEWA3P9FBZ";209;1357
"“This is a great opportunity for me and it’s exciting to be in Buffalo.” Tune in now on Bills Facebook and The Bills Mobile App.pic.twitter.com/aei7hE72d2";38;377
"First look at @kelvinbenjamin in red, white and blue. #GoBillspic.twitter.com/nk1wu58TFO";343;1688
"McDermott: “There are a lot of people that still count us out but that’s fine. We need to focus on ourselves and do our jobs.” #GoBillspic.twitter.com/lzuujRWSDb";44;364
"McDermott: “Kelvin Benjamin put in a lot of work throughout the weekend and it shows his commitment to the team.” #GoBillspic.twitter.com/z7pJJYmRAN";49;358
"Join us for a Facebook LIVE with rookie Bills OT Dion Dawkins at Duff’s Famous Wings on Wednesday!pic.twitter.com/fLbjMxBCzS";8;46
"The Saints are coming to town and they're riding a six game win streak. It's time to defend our dirt: http://bufbills.co/ae7sfI pic.twitter.com/ZsDCE9ZWpV";55;317
""This one is hideous but you have to hang it on the refrigerator." Our players tried to draw our logo and made some beautiful artwork. pic.twitter.com/8YIjMT96lX";178;623
"Defend our dirt. Top 10 things we've learned about the Bills: http://bufbills.co/ThnwIM pic.twitter.com/pbyRoJCsAM";19;155
""He's extremely versatile and leads the league in interceptions." Micah Hyde makes the NFL All-Midseason Team: http://bufbills.co/iYN8QZ pic.twitter.com/b3k3mVs9lT";57;332
"If you're out of the Buffalo area, get the rest of our season at a discount on NFL Sunday Ticket. Get yours: http://NFLSUNDAYTICKET.TV/BILLS pic.twitter.com/bIvxz6geec";11;39
"We're off tomorrow, but here's everything you should be watching for in Week 9: http://bufbills.co/cC97Sk pic.twitter.com/iLhBwtl3qY";25;210
"KB13. pic.twitter.com/MVA8cku8ev";163;1567
"pic.twitter.com/IwbJNqCfxF";0;8
"Last home game, we were proud to honor Petty Officer 3rd Class Danielle Nichols, with a special guest...her son! http://bufbills.co/yKmcKG pic.twitter.com/bjY75DJdA3";16;106
"He's a former Bill but current photographer. Find out how @TakeoSpikes51 is chasing a new passion: http://bufbills.co/j3LyqP pic.twitter.com/LHlzAOCu9L";19;143
""He threw the ball accurately with a presence in his face." T2 was efficient under pressure: http://bufbills.co/tmwJIa pic.twitter.com/RFkTIxkxZV";31;226
"We have signed RB Travaris Cadet and placed RB Taiwan Jones on IR. Details: http://bufbills.co/c8yCnd pic.twitter.com/9QQthdjSUF";43;202
""Sometimes you have to experience adversity to grow." We're going back to work: http://bufbills.co/1k5XMP pic.twitter.com/2GRBeI93gm";75;360
"Tonight. @nflnetwork. 9 pm. Don't miss Jim Kelly: A Football Life. #GoBillspic.twitter.com/s1z64dpJ9O";151;563
"KB13 is on track to make his Bills debut in Week 10. Updates from coach: http://bufbills.co/KNGkhj pic.twitter.com/blRgR86Cbv";32;299
"McDermott: "I started watching film on the plane ride home. We'll go back to work as a team. Sometimes you experience adversity to grow."pic.twitter.com/qdPrs3ZG0U";88;623
"McDermott: “Charles Clay and E.J. Gaines have made tremendous progress. They’re both heading in the right direction for Week 10.”pic.twitter.com/PtShx64FKa";41;316
""It's not the result we wanted and there’s not a man on our team that feels differently." Bills learn from TNF: http://bufbills.co/MBv1NT pic.twitter.com/nNWSsZOMZC";36;126
"McDermott: “This is a great learning experience that we can all learn from. These guys want to win, it means a lot to them.”pic.twitter.com/eW2EzSGzxz";66;331
"McDermott: “It was uncharacteristic of this team. Fundamentally, we were not very good. No excuses, they beat us straight up tonight.”pic.twitter.com/oYDQQYS3Uk";112;772
"Final from New York. #BUFvsNYJ Highlights: http://bufbills.co/Highlights2017 pic.twitter.com/gFQqdwbATa";55;133
"QB sneak! #BUFvsNYJpic.twitter.com/gCVl7mN9Gp";48;303
"Deonte Thompson finds the endzone for the first time as a Bill. #BUFvsNYJ #GoBillspic.twitter.com/vV04wLnqSM";55;189
"Deonte Thompson! #BUFvsNYJpic.twitter.com/KDybTw9jyg";44;179
"Catanzaro's field goal is good. 34-7 Jets | 6:42 4Q #BUFvsNYJ";10;36
"Matt Forte takes it into the endzone. 31-7 Jets | 11:21 4Q #BUFvsNYJ";22;57
"Tyrod Taylor fumbles and the Jets recover. 24-7 Jets | 11:26 4Q #BUFvsNYJ";19;46
"End of three. #BUFvsNYJpic.twitter.com/jOjqbOGcwX";18;66
"Nick O'Leary makes a great catch and then fumbles. Jets ball. #BUFvsNYJ";27;182
"Matt Forte runs in it for the score. 24-7 Jets | 4:16 3Q #BUFvsNYJ";15;57
"McCown throws a 25-yard touchdown pass to Anderson. #BUFvsNYJ 17-7 Jets | 9:50 3Q";19;62
"Zay Jones is back in the huddle. SAY WHAT?! #GoBillspic.twitter.com/8xqbKNIXxY";80;484
"Halftime at MetLife Stadium. #BUFvsNYJ Highlights: http://bufbills.co/Highlights2017 pic.twitter.com/D2XDsJSb6Z";28;78
"Jordan Matthews fumbles. Jets recover. #BUFvsNYJ";17;77
"We're all rooting for you, @zayjones11.";429;2270
"The force is strong with this one. #GoBillspic.twitter.com/Or95tpF9rQ";576;1334
"Catanzaro hits a 45-yard field goal. #BUFvsNYJ 10-7 Jets | 10:26 2Q";13;52
"https://twitter.com/BuffaloBillsPR/status/926254660855492609 …";38;385
"Welcome to the endzone, Zay Jones. #BUFvsNYJ #GoBillspic.twitter.com/YBcyYfz5tg";519;1446
"ZAAAAAAAAY! #GoBillspic.twitter.com/X7kD94JZwS";465;1493
"Driving into the second. #BUFvNYJpic.twitter.com/4Muz8EVgDy";18;82
"Move. Those. Chains. #BUFvsNYJ #GoBills";27;192
"Lots of Bills fans in the house tonight! #BUFvsNYJ What else did you expect? #GoBillspic.twitter.com/Ptg77KlV19";39;218
"Josh McCown runs it in for the touchdown. 7-0 Jets | 7:43 1Q #BUFvsNYJ";14;64
"Cheers. IT'S GAME TIME! #DillyDilly #GoBillspic.twitter.com/HsPlNueHzm";67;293
"It's primetime, baby. And your Bills are ready. #BUFvsNYJ #GoBillspic.twitter.com/ZsDllbcnCc – at MetLife Stadium";111;493
