text;retweets;favorites
"Congratulations to Jerry and Meghan Hughes on the birth of their baby girl! Bills Social Spotlight: http://bufbills.co/g3SOQT pic.twitter.com/nai3VaViou";13;171
"Our players gave back to the Buffalo community and made this a Thanksgiving to remember. Bills Life: http://bufbills.co/AmesOS pic.twitter.com/RGy7YkoVaK";11;37
"Will Shady and the ground game get doing? Here's the Week 12 scouting report: http://bufbills.co/Z82LZo pic.twitter.com/UEwL0Oky1w";10;42
"Three Bills are officially OUT for Sunday's game. #BUFvsKC Full injury report: http://bufbills.co/injuryreport pic.twitter.com/c2h9Xrm0JQ";8;32
"This very good boy is ready for #BillsFriday! Use #BillsFriday to tweet us your photos wearing Bills gear and you could win a prize from @YanceysFancy. http://bufbills.co/FdjOnI pic.twitter.com/U4hjgJ91jI";16;101
"You thought you knew @68INCOGNITO. #FunFactFriday #GoBillspic.twitter.com/1Won2By69X";5;55
""Experience is the best teacher. You have to get the flow of the game so you can develop confidence." Zay Jones is heating up: http://bufbills.co/QseuUS pic.twitter.com/BLytOeGahx";13;138
"There's a weekend @One_Buffalo sale! Treat yourself: http://onebuffalo.com/holidayoffers pic.twitter.com/eKEYNF2Gry";9;52
"Save yourself time and order online. Bills Black Friday sale: http://bufbills.co/uO4J3I pic.twitter.com/vXqH2cfNHg";6;38
"Over 1,000 WNY families are eating Thanksgiving meals purchased and delivered by Bills players and coaches. One community. #OneBuffalopic.twitter.com/NHHcQY9FFs";61;406
""We played physical. We played comfortable. We had the mentality that no matter the situation we were going to get it done. That’s what we have to get back to." A big part of the fix on D? Mental: http://bufbills.co/Afv0gn pic.twitter.com/PS9jdZaDxE";8;110
"Happy Thanksgiving from the entire Buffalo Bills family! #GoBillspic.twitter.com/GaHp7USpeV";87;420
"Tyrod Taylor, Richie Incognito, Eric Wood and Zay Jones served Thanksgiving meals tonight to women and children at the Hope House in Buffalo. #OneBuffalopic.twitter.com/uvrUxQp3Dr";235;1583
"Ten lucky fans at the New England game could win a 1 carat diamond from @ReedsJenss. Will you be one? #BUFvsNE #GoBillspic.twitter.com/f7deq5ggvU";14;55
"“We need to fix what we haven’t done right and get on the winning side." Tyrod is focused on #BUFvsKC: http://bufbills.co/hrETC7 pic.twitter.com/NAtGmC1FKY";15;149
"Back in the huddle. #GoBills Week 12 practice photos: http://bufbills.co/wvlT4m pic.twitter.com/jv7bTWD6Xm";21;176
"Our rookies spent quality time Playing 60 and celebrating Thanksgiving with 50 children last night at the Delevan-Grider Community Center. #OneBuffalo Toyota Rookie Club photos: http://bufbills.co/jxcYf3 pic.twitter.com/KxY7JTlegZ";22;96
"New week. New focus. Let's get the W on Sunday. #BUFvsKC #GoBillspic.twitter.com/9C66AQsATX";35;244
"#Buffalove https://twitter.com/CutonDime25/status/933413594393403394 …";16;198
"“We really need to win this game. We’re still in the hunt if you look at the playoff picture. We need to start executing and win some games.” #GoBillspic.twitter.com/LTHddiIEF8";37;286
"“Peterman is going to do great things in this league. I’ve been a rookie, I know how hard it is to come into this league and get results.”pic.twitter.com/BkfbsVRQo2";36;462
"Tyrod is back under center. Top 7 storylines for #BUFvsKC: http://bufbills.co/jwRHhq pic.twitter.com/M9CxNYQ4Ow";33;237
"“This team is very capable of making the playoffs. Right now we need to prepare and do whatever it takes to get a win this Sunday.” #BUFvsKCpic.twitter.com/x0F1V805l5";28;250
"“My focus has stayed the same. As a team, we need to fix what we haven’t done right and get on the winning side. I believe I have the full support of Coach McDermott and my teammates.”pic.twitter.com/HpVX6L6Ljo";31;295
"Number 5 will return as our starter this Sunday. #BUFvsKC #GoBills More from Coach on the decision: http://bufbills.co/IWawGa pic.twitter.com/hFRQM7cHGr";65;459
"McDermott: “We are building toward our vision for this franchise. I’m here to win and sustain success. In order to do that, sometimes you have to make uncomfortable decisions.”pic.twitter.com/dVUN1E2bqC";19;135
"McDermott: “Tyrod Taylor will be our starting QB this week. It’s the right thing for our team. It was my decision and it will always be about what’s best for our team.”pic.twitter.com/zog6Wy1qTp";127;526
"Head Coach Sean McDermott has announced that Tyrod Taylor will start at QB this Sunday. #BUFvsKC #GoBillspic.twitter.com/TuU6d9BD0o";773;3156
"Watch Head Coach Sean McDermott's press conference live this morning at 9:30 am on Bills Facebook, the Bills App, or on http://buffalobills.com .pic.twitter.com/slY3WhgK38";6;20
"We're heading into Kansas City in white on blue. #WhoYouWith #GoBillspic.twitter.com/6B1kNBKiOa";43;221
"We're looking for the next @FUTP60 Kickoff Kid! Enter your child: http://bufbills.co/HY6b4e pic.twitter.com/vPrxWg4J3b";6;19
"Since 2010, @CutonDime25 is tied for the most touchdowns in the @NFL. Shady is still producing: http://bufbills.co/ZqYVZl pic.twitter.com/EoryfDgYsh";49;282
""Back in Cali. It feels good to be home." Lorenzo Alexander. Wired for Sound. Presented by NAPA.pic.twitter.com/yI4hYkvUli";15;80
"LeSean McCoy is your @BlueRockEnergy Player of the Week. #GoBillspic.twitter.com/0oHGh5muaA";19;160
""I love the history, tradition and passion in the Buffalo community." Get to know Coach McGeoghan in Life On the Sidelines.pic.twitter.com/li19id0b6w";23;119
"You can always count on 25. #GoBillspic.twitter.com/z5ab33VS48";24;238
"As you're enjoying this Thanksgiving week, don't drive. Get a ride.pic.twitter.com/7niT2HZBPi";14;45
"Enter for a chance at club tickets to our next home game on December 3rd against the Patriots: http://bufbills.co/RxSHPT pic.twitter.com/Cgos3fZ9s2";8;35
"Shady is nominated for the @FedEx Ground Player of the Week. One retweet by you is a LeSean McCoy #AirandGround vote...you know the move. #10kchase #GoBillspic.twitter.com/JVpEriLEeo";429;386
"“I’m still evaluating right now, but we’ll take it one day at a time.” QB decision TBD: http://bufbills.co/srAacg pic.twitter.com/iC2PZZMwX2";29;176
""Having a physical mindset is something that played a big role in our five wins and we need to get it back." 3 things we learned from #BUFvsLAC: http://bufbills.co/NZlX8o pic.twitter.com/CLqk05IPyi";6;96
"McDermott: “I got to Buffalo 10 months ago. I’m focused on building and leading this organization forward. Sometimes it takes going through some stuff to get to where you want to be.”pic.twitter.com/sWAbfQ5a35";85;594
"McDermott: “We are still evaluating the QB position and we’ll take it one day at a time right now. I do think heavily about our team in every decision that’s made.”pic.twitter.com/JAhaO05AUr";26;225
""We’re 5-5, and as a team, we need to fix this and get back to winning moving forward." Bills players react to yesterday's game: http://bufbills.co/TpMSwq pic.twitter.com/EqaHSTybZu";21;207
"LeSean McCoy: “The QB situation is not my call...It’s tough. Things like this happen in the NFL. We’re not totally out of It. We have to keep fighting.” #BUFvsLACpic.twitter.com/4RTsdaYFfq";34;334
"Tyrod Taylor: “Who’s starting at QB next week is neither here nor there today...We’re 5-5, and as a team, we need to fix this and get back to winning moving forward.” #BUFvsLACpic.twitter.com/UuAYsbgWeL";115;928
"QB Nathan Peterman: “I’ve had tough games before...I’m going to learn a lot from this and make sure it never happens again.” #BUFvsLACpic.twitter.com/FS4jWVArom";41;392
"McDermott about starting Peterman: “I don’t regret my decision. I regret the result...This is in part about winning now and in part about winning in the future.” #BUFvsLACpic.twitter.com/fZb2Ry2OJm";38;228
"McDermott says he will evaluate this week who will be the starting QB next Sunday.https://twitter.com/chrisbrownbills/status/932407878308085761 …";41;234
"McDermott: “This game got away from us in a hurry...All teams go through a tough stretch. We have to manage this downturn, stay mentally tough, and make corrections going forward.”pic.twitter.com/JodSZFa0sf";21;155
"Final from LA. #BUFvsLAC Highlights: http://bufbills.co/Highlights2017 pic.twitter.com/FZkBgHLpt9";52;125
"Tyrod Taylor Touchdown. #BUFvsLAC #GoBillspic.twitter.com/BitpR1WM2k";89;435
