text;retweets;favorites
"Circle the wagons! #GoBills";1;4
"Tonight at 8:30 pm on @nflnetwork... Tyrod Taylor hooks up a deserving fan in Tackle My Ride! Tune in. #GoBillspic.twitter.com/kcsFdmHToB";64;275
"We've got the Carolina Panthers on our mind. #GoBills And here's how we're preparing: http://bufbills.co/PV7unP pic.twitter.com/HVsBHrpmTz";17;86
"The best fans in the NFL travel well.   #GoBillshttps://twitter.com/jenny_jayy/status/908783665739640833 …";282;1429
"Let's go Buffalo!";5;46
"pic.twitter.com/PZ6G7XO6Mo";0;8
"Big Cell does it for his kids! #GoBills Happy Fun Fact Friday with Marcell Dareus.pic.twitter.com/FfyAn4ZaOY";7;70
"That Friday feeling... #GoBillspic.twitter.com/BuwbIsgYXZ";142;493
"One Bills player is officially out for Sunday, and Shady didn't practice today. Full details in the injury report: http://bufbills.co/injuryreport pic.twitter.com/V7vJUJ1R9C";19;43
"Photos w/ friends on game day could win Bills tix, @LabattUSA + Zubaz gear, and @perrysicecream! #ZubazSweeps Info: http://bufbills.co/ZubazSweeps pic.twitter.com/cCObZWvkgF";7;38
"Fun fact: Zo is also a windshield repairman. Make a @safelite appt. for Sept 26 and there's a chance he'll show up! http://safl.it/2vTw3Gz pic.twitter.com/drkROZPYBV";26;133
""I believe in this football team. I'm confident in this group. They have an it factor that many teams look to have." #GoBillspic.twitter.com/8eM3ewIf5s";39;278
""This team doesn't need to win for me. I would never want them to win a game specifically for the coach." #BUFvsCARpic.twitter.com/eHTm4YiDQ5";21;125
""LeSean McCoy is resting today and won't practice. He has some groin soreness but it's nothing serious."pic.twitter.com/FeWzixuwjb";21;156
"Since Week 14 of last season, Charles Clay has found the endzone as much as anyone in the NFL. Let's keep it going: http://bufbills.co/ZFpvNt pic.twitter.com/IefkSgJqaI";35;176
"Next up: our first road trip of the 2017 season. It's blue on white in Charlotte. #GoBills @usnikefootballpic.twitter.com/gFaE7KaO7n";103;347
"Practicing that footwork. We see you, @zayjones11. #GoBillspic.twitter.com/RU7OZBTujo";47;291
"They're the heart and soul of our defense. Kyle and Lorenzo share a special chemistry: http://bufbills.co/DghleJ pic.twitter.com/yXKvbJV7e0";13;185
"We're sending lucky fans to our #TNF game in New York AND to the all-new @NFLExperience! ENTER: http://bufbills.co/KanMsj pic.twitter.com/tEzKbDThB3";32;96
""I'm feeling better everyday." Our starting cornerback is expected to be back on Sunday: http://bufbills.co/7Iiuvp pic.twitter.com/8Nr47RQwv6";14;145
"The Bills lead the @NFL in rushing after racking up 190 yards on the ground in Week One. #GoBillspic.twitter.com/5CxYVxPgUR";172;776
"Such a good boy. #GoBills";2;13
"CB Greg Mabin is back and has been signed to our practice squad. Details: http://bufbills.co/owCtVC pic.twitter.com/OQVF0sLyTf";24;116
"Don't forget where you were born and raised. We better see you in red, white and blue! #GoBills";2;6
"Happy Birthday! We're working on bringing back that W for you. Stay tuned! #GoBills";0;1
"We're so sorry to hear this. You guys are in our thoughts and prayers.";2;1
"PSA: Do not get in @68INCOGNITO's way. Incognito graded as best guard in NFL for Week 1: http://bufbills.co/m7FUSB pic.twitter.com/GudDTWAqzn";83;463
"Buy beer. Get gear. With @MillerLite, it's that easy! #GoBillspic.twitter.com/o71KsH7RZb";36;175
"There are no shortage of familiar faces returning to Charlotte this weekend, but the squad is only focused on getting the win. #BUFvsCARpic.twitter.com/qQKk9jcGtK";33;144
""The rotation is great. You can go hard every play." The D Line is rotating to keep pass rushers fresh: http://bufbills.co/RPdpYi pic.twitter.com/crCEhLLXfk";18;119
"Former Panther Mike Tolbert knows what happens to snitches...and he's cool with it. http://bufbills.co/tiGDmj pic.twitter.com/5x4dJpTdEX";43;209
"We honored two dedicated Bills fans and active servicemen with Benrus in front of our sold out home opener crowd! http://bufbills.co/WV257v pic.twitter.com/zzdFLo2C8Y";24;125
"Buffalo-native and NFL alum Joe Ehrmann spoke to WNY youth coaches on the importance of "InSideOut Coaching." http://bufbills.co/YZPyZ4 pic.twitter.com/a2J7qGEZqE";10;25
"Carolina on the mind. #GoBillspic.twitter.com/UycyeaKOk9";103;457
"Sup, @68INCOGNITO.https://twitter.com/pff/status/908039356757286912 …";136;1070
""This game is about us as a unit. It's going to take the entire team to accomplish our goals that we set at the beginning of the season."pic.twitter.com/Vf2YTAXhOW";19;190
""There's always motivation to be the best and stay relevant. I'm all about competing and doing whatever necessary to get the W." #GoBillspic.twitter.com/adtbO5LhFK";25;196
""It's a regular game for us. Our coaching staff has a positive vibe and we're just focused on winning. We're always up for a challenge."pic.twitter.com/05Zdb3Ebg4";8;89
"Have a little Bills fan at home? Sign him/her up for the Billy Buffalo Birthday Club! http://bufbills.co/bdayclub pic.twitter.com/PaaqUjVXun";9;17
"We have a feeling there will be plenty of red, white and blue in Charlotte this weekend! #GoBillshttps://twitter.com/billsfan4life3/status/907981574322475008 …";38;244
"Bills fans, help us wish Kelly Pegula a happy birthday! Have a day, @KPegula. pic.twitter.com/DSIAA2Vvqn";60;366
""He’ll be out there and should be a go for practice." Our starting cornerback is expected to be back for #BUFvsCAR: http://bufbills.co/MARFHO pic.twitter.com/Y9EYJoX43p";27;147
"Coach McDermott is locked in on getting our second win, not his return to Carolina: http://bufbills.co/VTX1uP pic.twitter.com/tMnkCnUe7q";25;119
"Q: Coach, will LeSean McCoy's usage be similar to Week 1? A: "At the end of the day we're going to do whatever it takes to win."pic.twitter.com/2NXn9sMjXK";28;191
""Carolina is a very talented team. We have work left to do this week and we'll have our hands full going down there." #BUFvsCARpic.twitter.com/FuzIe7hz5a";13;104
"Airbnb is taking over @newerafield for a night! Tell us why you want the sleepover of your dreams. Enter here: http://bufbills.co/FGtWpv pic.twitter.com/ba4dAeJddJ";13;29
"Because they were so excited for Kickoff, our guys surprised a local youth football team with @perrysicecream! #RandomActsOfKickoffpic.twitter.com/Y2707toQ96";33;168
"Send us photos w/ friends on game day - you could win tickets, Labatt + Zubaz gear and @perrysicecream! #ZubazSweeps http://bufbills.co/ZubazSweeps pic.twitter.com/6irA0RsvWo";14;71
"He's our offensive coordinator. And his path to coaching in the NFL wasn't ordinary. Get to know Rick Dennison in Life On the Sidelines.pic.twitter.com/svtTm2v1IN";39;219
"Shady is nominated for the @FedEx Ground Player of the Week. One retweet by you is a LeSean McCoy #AirandGround vote...you know what to do!pic.twitter.com/qh7WnDp614";1419;751
"LB Jelani Jenkins has been signed. We have released two players and added one to the practice squad: http://bufbills.co/smOUY7 pic.twitter.com/JTeUy8wAdk";25;101
"They weren't flashy. But these plays helped us get the win. Week 1 Brownie points: http://bufbills.co/IuHP0Q pic.twitter.com/8vl9HkGJGT";12;72
"The Bills will lead the NFL in rushing... Fact or fiction: http://bufbills.co/GuktoW pic.twitter.com/de95ODbtwG";24;264
"Come visit our blood drive for @Unyts! You could win tickets to our next home game. #GoBills Details: http://bufbills.co/3VcptA pic.twitter.com/g3IzqMkILH";5;22
""No one comes into our house and takes food off our table." Watch Coach McDermott wired for sound during his first win, presented by NAPA.pic.twitter.com/rtF3JLfAjy";357;1087
"Do your dance, @miketolbert35. #TouchdownTuesdaypic.twitter.com/a4fR4pPwEX";58;247
""He did a good job of getting the ball out on time. I’m happy with his play." Tyrod did what was needed for the W: http://bufbills.co/Efi0H1 pic.twitter.com/AG1YCHeYx7";19;148
"We want you at @newerafield for our next home game! Enter for a chance at Bills-Broncos club tickets: http://bufbills.co/RxSHPT pic.twitter.com/Spqt1otZlY";23;72
"That 1-0 feeling. #VictoryMondaypic.twitter.com/xcD5BjXp8n";190;915
""No one is popping champagne bottles because we're in first place." @onemangang97 keeping it real with the @gmfb crew.pic.twitter.com/PSxE7I1fWT";101;403
"The best welcome to the endzone. #GoBills Top photos from the win: http://bufbills.co/PRN6oa pic.twitter.com/Td1PEa0x4p";11;99
""Stick a fork in it! This one is over!" John Murphy calls @Micah_Hyde's INT for our @HilbertCollege Call of the Game. #GoBillspic.twitter.com/f9dgaHUsm3";15;62
"Shady had a day. The defense looked good. And the Jets were smashed. #GoBillspic.twitter.com/soj98jwkFj";54;330
"DC Leslie Frazier: "Our defensive performance was exciting. We put what we practiced on display. I'm encouraged by the way they made plays."pic.twitter.com/4DATUmxR6Z";20;143
"Poyer took down McCown for a big sack and the first #CarubbaCollision of the season! pic.twitter.com/393bAGViX0";33;186
""He’s our leader and guys love playing for him.” McDermott's process began nine months ago: http://bufbills.co/SVi6eX pic.twitter.com/5txdcFd6pr";29;198
""It feels good to be 1-0 and the win was great for our team. That being said, Carolina is talented and going to be a challenge." #BUFvsCARpic.twitter.com/V9zXwCRNxS";23;205
""I want everyone to know that those families impacted by 9/11 are in our thought and prayers." #NeverForgetpic.twitter.com/GXzzBTTSks";44;269
"We'd say @J_poyer21's first game as a Bill went well. #GoBillspic.twitter.com/UxgHAxm9m6";48;433
"When you feed Shady, good things happen. 3 things we learned from #NYJvsBUF: http://bufbills.co/U1mfAW pic.twitter.com/D4ykc6ziuz";16;141
"These four were the top playmakers in the win! #GoBills But who is the @BlueRockEnergy Player of the Week? VOTE: http://www.bluerockenergy.com/potw/ pic.twitter.com/9xK3t7HfFw";16;104
"First #VictoryMonday of the season got us like... #GoBillspic.twitter.com/EEtVhdXtNQ";346;1071
"#NeverForgetpic.twitter.com/d6H1T9YaLH";865;3027
"We scored two TDs, so you score a free donut with a coffee purchase, thanks to @TimHortonsUS in Buffalo & Rochester! See image for rules.pic.twitter.com/ojJtKaFpMK";42;149
""We’ll enjoy the win today, but tomorrow we get started on our next opponent." Hear from our players after the win: http://bufbills.co/A5OeSU pic.twitter.com/5VsosOaEiG";62;319
"Join us on the field in this 360 video of your Bills taking @newerafield! Click and drag or move your phone to pan the action. #GoBillspic.twitter.com/TcTI989XXO";155;359
"Watch us win AGAIN with NFL Game Pass! #GoBills Free trial: http://bufbills.co/Y5I3el pic.twitter.com/nFFO1WgRaQ";14;105
"Bills win. You win. Gear up with free shipping: http://bufbills.co/wa60jd pic.twitter.com/x5D3rwXThX";18;161
"Got the W. #GoBills Top 3 things we learned from today's game: http://bufbills.co/U1mfAW pic.twitter.com/XLIjdrN7mE";39;154
"It's good to be back. Best photos from Week 1: http://bufbills.co/7tMgTE pic.twitter.com/xGx6jGNeg6";42;267
"Thanks for coming, Coach! #OneBuffalo";7;48
"There's a lot to love about Sean McDermott's first post-win locker room speech. #GoBillspic.twitter.com/gy9gEO56yd";734;2197
"New season. Same Shady. #NYJvsBUF #GoBillspic.twitter.com/PDkkVjXByV";145;661
"1-0. #GoBillspic.twitter.com/po3Qy3Rc2O";516;1733
"We like this guy's winning percentage as an NFL head coach. #GoBillspic.twitter.com/pgWLmjV5o1";118;970
""It was a big win for Coach McDermott and great to get that first win as a team. We try to protect home field advantage and did today."pic.twitter.com/PcSrg4Ye9r";62;487
""Sean McDermott is a great leader and we follow him as a team. It's great to see him get his first win and it's big for us." #NYJvsBUFpic.twitter.com/ISSBrZHKC1";37;339
""We have all the right pieces here. I'm just trying to push this team in the right direction and keep getting wins."pic.twitter.com/HSksHgnQ77";48;337
""I appreciate our fans. Their intensity and energy in the building was outstanding for all four quarters." #GoBillspic.twitter.com/wxi6LMQ3bW";58;438
""I'm very thankful to get my first win. That was an entire organizational effort and great victory." #NYJvsBUFpic.twitter.com/9MAATLOKHf";77;516
"Handing out gloves and running off with the W. Have a day, @CutonDime25! #GoBillspic.twitter.com/oI7SCT9SSS";77;460
"BILLS WIN! #NYJvsBUF #GoBills Watch highlights: http://bufbills.co/Highlights2017 pic.twitter.com/d0mZCwGmUi";1336;2146
"Victory Formation. #GoBills";406;1063
"Micah Hyde delivers the final blow! #NYJvsBUF #GoBillspic.twitter.com/qO2Eh246q3";129;559
"Have a day, @J_poyer21! #NYJvsBUF #GoBillspic.twitter.com/sFHfauLzIh";191;556
"POYER PICK!pic.twitter.com/qfKmy4CJja";117;512
"Phew. #GoBillshttps://twitter.com/BuffaloBillsPR/status/906961957051420673 …";78;506
"Need a goal line TD? Just give it to The Toldozer. #GoBillspic.twitter.com/UQWIpbDJSr";138;512
"THE TOLDOZER! #GoBillspic.twitter.com/MdII12v4Dc";123;409
"How many Jets does it take to tackle one LeSean McCoy? #NYJvsBUF #GoBills";53;221
"Do not get in Shady's way. #NYJvsBUF #GoBillspic.twitter.com/a5XaBHXSsx";81;343
"Let's finish this off. #NYJvsBUFpic.twitter.com/PbMY6Rg94F";46;174
"McCown sneaks it into the endzone for a Jets TD. The two-point conversion is picked by Humber - NO GOOD. 14-12 Bills | 2:00 3Q";22;72
"Breaking in the special post-TD handshake. pic.twitter.com/71Sap0mkNP";25;161
"Welcome to the endzone, @dreholmes81! #NYJvsBUFpic.twitter.com/NBmHeJ4c7t";153;355
"Welcome to Buffalo, @jmattjmattjmatt!";49;286
"New Era Field is rocking. #GoBills Tell us where you're watching using #BillsRollCall!pic.twitter.com/bLmN5ShM7U";84;626
"Watch the 25th anniversary of the Greatest Comeback halftime ceremony LIVE now on the Bills App, http://buffalobills.com  or Bills Facebook!";11;76
"Heading into the half with the lead. #NYJvsBUF Highlights: http://bufbills.co/Highlights2017 pic.twitter.com/oDkSsh5Z73";50;143
"Catanzaro hits a 52 yard field goal. #NYJvsBUF 7-6 Bills | 1:44 2Q";15;48
"Hauschka from 46 yards is no good. #NYJvsBUF 7-3 Bills | 3:59 2Q";12;50
"Charles Clay. All day. #NYJvsBUF #Madden18pic.twitter.com/bKNRjhUrLj";39;177
"When you hear the Shout Song for the first time in 2017. #GoBillspic.twitter.com/axRqUBRhoa";384;950
"Catanzaro's 48 yard field goal is good. 7-3 Bills | 6:34 2Q";19;52
"Poyer takes McCown DOWN! #NYJvsBUFpic.twitter.com/h6vOd8tOSi";38;181
"FIRST TOUCHDOWN OF THE SEASON! #NYJvsBUF #GoBillspic.twitter.com/XSPBvL2uNe";356;1023
"Ladies and gentlemen, The Toldozer. #GoBills #NYJvsBUF";71;266
"Scoreless after one. #NYJvsBUFpic.twitter.com/rg6ApA8eB9";23;59
"You rock, Summer! #GoBills";0;5
"What a pregame moment. #AFFlyoverpic.twitter.com/9EoySzgFwg";121;429
"A Tyrod Taylor pass intended for Charles Clay in the endzone is tipped and intercepted by the Jets. #NYJvsBUF";27;73
"Make. Them. Miss. @CutonDime25 #GoBills";26;110
"We. Have. Kickoff. #GoBillspic.twitter.com/zqBxzxqHmp";46;134
"Here. We. Go. #NYJvsBUF #GoBillspic.twitter.com/sJl2l5fTEy";350;848
"Bring 'em out. #GoBillspic.twitter.com/1q5dWoVyjb";181;553
"Taking #Buffalove to another level. These fans got married in the parking lot pregame! Congrats to Kaitlin and Gerald!pic.twitter.com/TunDvPtk74";646;1957
"Today's Bills inactives. #NYJvsBUF Details: http://bufbills.co/OZvPeR pic.twitter.com/QGsy0gRn1V";36;71
"Vote on who YOU think is today's BENRUS Best Dressed Bill!";9;21
"Your Bills have arrived. #GoBillspic.twitter.com/h2EKiRppJw";42;153
"It's about who you play for. Shady's 2017 cleats. #FootballIsFamilypic.twitter.com/jFSHV0q6sq";58;467
"#OneBuffalo";2;18
"Next time we play the Jets, we want YOU there for the opening of the @NFLExperience in Times Square! Enter: http://bufbills.co/KanMsj pic.twitter.com/5sV5N6Amou";10;61
"Soon. #NYJvsBUF #GoBillspic.twitter.com/o8qm7Vx0R9";97;370
"T2 has arrived. #NYJvsBUFpic.twitter.com/saPIcx52qO";100;665
"Football is in the air. #WinFromWithin #GoBillspic.twitter.com/lm5Q0HeLve";219;568
"Ready for kickoff? Show us with your best game day #BillsSelfie today and you might be featured on the scoreboard!pic.twitter.com/YYXkqd0KV1";7;70
"Digital tickets. Line wait times. New Era Field maps. Make your game day experience better than ever with the new-look @myonebuffalo app.pic.twitter.com/wPuQUHtQxQ";7;32
"Thank you for your service! #GoBills";1;20
"Who will have today’s Carubba Collision of the game? Use #CarubbaGiveaway and you could win tickets! Rules: http://bufbills.co/QlZ5NK pic.twitter.com/DylQIIxtTl";7;26
"We've been waiting all year for this. IT'S FINALLY HERE! #GoBillspic.twitter.com/DIwrPO7V40";228;433
"Find us on the Billevard at Gate 3 to touchdown dance for a chance to make the game day scoreboard with @Molson_Canadian. #NYJvsBUF #GoBillspic.twitter.com/VqJWNX2f7E";15;101
"IT'S OFFICIALLY GAME DAY! #GoBillspic.twitter.com/3KKWSJ7Ggv";761;1612
"The sun sets on the offseason. Tomorrow, it's the real deal. #GoBillspic.twitter.com/gfWmFqFN0p";384;1510
"The season begins TOMORROW. #NYJvsBUF: http://bufbills.co/XcKrfN pic.twitter.com/a35TBo1fiu";125;388
"Stay safe. Thanks for always reppin! #GoBills";2;8
"Stay safe, Jim!";0;1
"He's Mr. Positive. He's a professional debater. And he's on the 12k chase. @CutonDime25 breaks it all down with @MikeGarafolo.pic.twitter.com/AtyxbEsBzQ";173;678
"Tomorrow, be sure to buy a 50/50 ticket at the game! All proceeds will go to hurricane relief. http://bufbills.co/AjMN2B pic.twitter.com/zLnMfMgW4Z";19;55
"Leave it to Bills fans to rep when preparing for #HurricanIrma. We're thinking of our fans down South. Stay safe, stay strong, and #GoBillspic.twitter.com/qiTMr9eWVi";250;688
"Coming tomorrow to a big screen near you: The Season Begins. #NYJvsBUF #GoBillspic.twitter.com/skjV5GTt6b";152;395
"Starting at 2:30 on 9/10, enter code LITEBILLS17 in Uber for $10 toward a safe ride home. Trips must begin at @newerafield. Ltd qtys availpic.twitter.com/J7vmO7iUMr";25;55
""This city is notorious for their love of the Bills." On his first Sunday in Buffalo, let's show @jmattjmattjmatt what we're about.pic.twitter.com/ZW6HbJmAev";86;365
"Getting married in style. Love it! #GoBills";1;1
"Bills. Football. Is. Back. 10 reasons to be hyped for the home opener: http://bufbills.co/uzhUrd pic.twitter.com/cWb2qIHBhY";44;216
"24 hours until kickoff. #NYJvsBUF #GoBillspic.twitter.com/QdHOdyCOpv";135;399
"Tomorrow's forecast? Perfect fall weather with a 100% chance of football. #NYJvsBUF #GoBillspic.twitter.com/Tv7rMkxEk3";32;99
"Stay safe and go Bills, Robert!";1;4
"Coach McDermott crashed some Saturday morning tailgates to see for himself what the Camper Lot is all about. And he loved it. #GoBillspic.twitter.com/7mfMOUjrXq";582;1743
"We've had our highs. We've had our lows. But Buffalo, we'll always be one team. And tomorrow, our next chapter begins. #GoBillspic.twitter.com/1b7HxqxXxg";774;1831
"Nothing but love for the Louisiana Legend aka @LilTunechi. We asked Tre White 20 questions in What's The Scoop with @perrysicecream!pic.twitter.com/SHJP7Y22D2";36;190
"Not in the Buffalo market? Get @DIRECTV NFL Sunday Ticket to watch your Bills live all season! http://bufbills.co/SwDesz pic.twitter.com/WTPOmcvz07";7;35
"Stay locked in pre and postgame. Here's how to go behind-the-scenes during game day. #NYJvsBUFpic.twitter.com/qOY1h5izhT";16;43
"Football weather has arrived. Get ready for Sunday with the newest from the Bills Store: http://bufbills.co/L9athd pic.twitter.com/s3x6EU2JOA";12;63
"Two. More. Days. #GoBillspic.twitter.com/mQAgnCFGPf";79;347
"Week 1 against a divisional opponent. Here's the full #NYJvsBUF scouting report: http://bufbills.co/nqqY2D pic.twitter.com/gTlE8vk7Kj";20;83
"Check out the giveaway for Sunday’s game from our friends at @BlueRockEnergy! #GoBillspic.twitter.com/MbzAeZerNJ";22;102
"Two Bills are officially out for Sunday's game. #NYJvsBUF Full injury report: http://bufbills.co/injuryreport pic.twitter.com/Xuh7s4yofH";16;32
"Carlton, Uncle Phil, Will and @Iam_jerryhughes? Happy Fun Fact Friday!pic.twitter.com/Cd5idBPuWm";14;73
"He tuned out the doubters and played his way onto the Bills roster. This Sunday, @EddieYarbrough proves the world wrong. "Watch me."pic.twitter.com/4tKmieQpjH";132;493
"Two days until you're right here with us. #GoBillspic.twitter.com/RnJwanWxgH";150;678
"We just unlocked select tickets for this Sunday's game! #NYJvsBUF Get them before they're gone: http://bufbills.co/ooFvEC pic.twitter.com/m6moODhJlQ";26;102
"Seen in Clearwater Beach, Florida. We're thinking of all our Bills fans in the path of #HurricaneIrma. Stay safe, stay strong, and #GoBillspic.twitter.com/RCzN7T8cRW";545;1754
""We're excited to get in front of our fans for the home opener. I saw campers in the parking lots this morning and it's awesome." #GoBillspic.twitter.com/NnkP3abmqR";56;419
"Can't wait to hear how loud you can be. #GoBills";3;2
"We love it! #GoBills";1;4
"“Whatever it takes to win. If it’s on the ground or the air, I’m down." Shady is ready for Sunday's workload: http://bufbills.co/nAuiiu pic.twitter.com/CYU6j8XcgE";46;222
"The Bills defense is teaming up again with @CampbellsChunky Soup to Tackle Hunger in 2017!pic.twitter.com/llbjw5DzKG";13;74
"Watching football return like... #GoBillspic.twitter.com/wIR5UItW7J";283;1133
"This Sunday, it's the real deal. And your Bills are hitting 2017 in blue on white. #GoBills @usnikefootballpic.twitter.com/rZLd8YAqYD";152;480
"From #BillsCamp to @newerafield, we shared some special experiences throughout August's Play Football Month with local youth teams! #GoBillspic.twitter.com/BmQr1Cj8SV";17;82
"1,200 rushing yards for @CutonDime25? 2017 statistical projections: http://bufbills.co/8mTGfc pic.twitter.com/PFX4ahwXVH";20;168
"We see you, #55! #GoBillshttps://twitter.com/FUTP60/status/905807371443818496 …";15;48
"Duff's Famous Wings always hit the spot. But they're even better when @J_poyer21 stops by to pick up the tab during #RandomActsOfKickoff!pic.twitter.com/XLq0bXEnTs";73;365
"First to go to college. First to graduate. About to play in his first NFL game. Sunday is the realization of @TreWhite16's lifelong dream.pic.twitter.com/o47PUsb3Sv";137;598
""Dad?"pic.twitter.com/EoqA3fZhxT";157;739
""Buffalo Bills, this is Sean speaking. How can I help you?"pic.twitter.com/SVpIjuTf9t";247;1109
"Here's your chance to be the first fan to spend the night at @newerafield! Suite Dreams: http://bufbills.co/FGtWpv pic.twitter.com/mGBoRaRi7T";23;85
"He led the Bills in receptions last year. Charles Clay is confident with weapons on offense: http://bufbills.co/eDhuWN pic.twitter.com/zSxuOD10D3";23;152
"“I’m back. I feel good. It’s back to game week." Tyrod is ready for Week 1: http://bufbills.co/H1fzz2 pic.twitter.com/4hhvVEi1gU";66;424
"Our playmakers are focused on Week 1. #GoBillspic.twitter.com/y6nKfuTIJ3";36;248
"Sean McDermott's coaching in his first NFL game on Sunday. We picked his brain in Coffee With the Coach presented by Tim Hortons!pic.twitter.com/H9rKZCscDH";41;179
"Preston Brown is coming to you LIVE from Dinosaur BBQ in Downtown Buffalo tonight! Join us there or tune in on http://facebook.com/buffalobills  pic.twitter.com/AD3WMrCzDG";11;45
"Tyrod is back. It's game week. And our QB is focused on Sunday. #NYJvsBUF: http://bufbills.co/SIGfF5 pic.twitter.com/Ne7Ijj3KIo";48;411
"Tyrod: "I feel great...It's a game week. Offensively we had a great practice today. We have to take care of business on Sunday." #GoBillspic.twitter.com/ZGE1krlWqv – at ADPRO Sports Training Center";49;301
"Week 1 practice vibes. #GoBillspic.twitter.com/U74AL9Jt9b";54;344
"As voted by their teammates, we present... Your 2017 Buffalo Bills captains. #GoBillspic.twitter.com/9Zab3P72iS";178;602
"#GoBills #GoBills #GoBills #GoBills #GoBills #GoBills #GoBills #GoBills #GoBills #GoBills #GoBills #GoBills #GoBills #GoBills #GoBills";932;1902
"Can't wait to see you in Atlanta! #GoBills";3;3
""I'm excited for our first game. I'm looking forward to making New Era Field a hostile environment where other teams don't want to play."pic.twitter.com/X6llTdAdmv";84;435
""The captains have been elected by the team. They are Kyle Williams, Eric Wood, Tyrod Taylor, Stephen Hauschka and Lorenzo Alexander."pic.twitter.com/VWNgHwY8vn";65;342
""Tyrod Taylor has been cleared from the concussion protocol and we expect him to start on Sunday." #NYJvsBUFpic.twitter.com/XwTkweghrS";197;708
"He's new to the defense but fitting right in. @PFF grades E.J. Gaines as top CB in the NFL: http://bufbills.co/4p3gXW pic.twitter.com/V8oaiWZYr6";39;142
"7 bold predictions for the 2017 Buffalo Bills season: http://bufbills.co/GOwi0P pic.twitter.com/bkMJpvlove";35;145
""There has been turnover but we have continuity in our core." @EWood70 is heading into the season with confidence. #GoBillspic.twitter.com/x7UBTvIsFK";22;123
". @TheUltBillsFan Jacob “Billsfoot” Gauda shares his passion for the Bills. Tell us what Pure Fandom means to you! #GoBillspic.twitter.com/w8z3fjIc18";56;191
"We've made three additions to the practice squad. Full Details: http://bufbills.co/Gtcwip pic.twitter.com/caJ14HeeUg";32;84
"Signed: DT Cedric Thornton and S Colt Anderson Released: DT Deandre Coleman Moved to IR: QB T.J. Yates Details: http://bufbills.co/Bd9XiL pic.twitter.com/iF0DudiFL7";48;86
"There's a lot to be excited for this season at @newerafield! #GoBills Full 2017 promotions and giveaways info: http://bufbills.co/CgeZtj pic.twitter.com/6Ut2eZcIux";61;113
"We'll honor the 25th anniversary of the Comeback Game with members of that historic team during halftime of Week 1! http://bufbills.co/5L45bH pic.twitter.com/XYOHCbemxI";107;360
"pic.twitter.com/jORSqgyXpP";5;10
"At this Sunday's game, all proceeds from the Bills Foundation 50/50 Raffle will benefit Hurricane Harvey relief efforts. #HoustonStrongpic.twitter.com/iiDJAeeFDm";80;306
"Five. More. Days. #GoBillspic.twitter.com/SqmFcKPFx1";214;789
"A quarterback who can play wide receiver and special teams? Joe Webb does it all: http://bufbills.co/5oicoe pic.twitter.com/FcDTBclLE8";35;225
"It's game week! And you should be there. #GoBills Enter for a chance at club seats for this Sunday's game: http://bufbills.co/0oxnPH pic.twitter.com/vu4QaDa2Vm";17;64
"Tyrod Taylor: back at practice Jordan Matthews: optimistic for Sunday Cordy Glenn: looking to be ready the home openerpic.twitter.com/JKMCkjpcnh";40;251
"Only 22 players remain from last year's roster heading into the 2017 season. Coach McDermott gives reasoning why: http://bufbills.co/0N1a3E pic.twitter.com/TPXRC077yr";42;163
"Tyrod's back. It's Jets Week. We're officially in-season. AND we see you this Sunday at @newerafield. Week 1. Let's go.pic.twitter.com/TR2J36y6uC";169;679
"Tyrod Taylor has returned to practice. pic.twitter.com/fNk4YxyIsX";319;2020
"You're awesome, Joel. You've won a signed football for your #RandomActsOfKickoff! Bills fans, keep sharing and you could win too!https://twitter.com/Jachimowicz14/status/904445680357433345 …";13;38
"It's officially Week 1. #GoBills (And you better believe our guys are pumped!)pic.twitter.com/hMcJdjAQRo";124;488
""It's not about bringing in our guys. We want good people and good football players that embrace what this city is all about." #OneBuffalopic.twitter.com/y6qs0MIt1h";36;245
""Joe Webb has experience at many different positions. He's a high energy person who will be great for our locker room."pic.twitter.com/tqKmeomq1D";44;159
""Tyrod remains in concussion protocol. I think he's getting better but he's still in the league protocol."pic.twitter.com/zd0qMp2FV5";23;70
"We've signed QB Joe Webb and released S Colt Anderson. Details on our newest QB: http://bufbills.co/p2zqSU pic.twitter.com/fq4iA8KIwH";328;1023
"We're down to 53. Here's what to know about our current roster: http://bufbills.co/I6J4lP pic.twitter.com/ffMWlcvJb5";36;195
"Seven players have been added to our practice squad. http://bufbills.co/OD0Qav pic.twitter.com/QtO8v16nps";126;342
"We have released Jonathan Williams, Gerald Hodges and Philly Brown. Details: http://bufbills.co/QqBHUZ pic.twitter.com/4QvGrIcCLQ";49;121
"OL Conor McDermott, LB Deon Lacey and TE Khari Lee have been claimed off waivers. Details on our additions: http://bufbills.co/QqBHUZ pic.twitter.com/kaAW9w7Lgd";27;59
"Exactly one week from now... KICKOFF. #GoBillspic.twitter.com/cbTdM93t2X";188;497
"It's more than a game. You're more than just fans. We're one team. One family. One Buffalo. It Starts With One Sunday. Next Sunday. #GoBillspic.twitter.com/RHNzruHZyT";2450;4047
"Come on down to our blood drive for @Unyts! You might win tickets. #GoBills More info: http://bufbills.co/3VcptA pic.twitter.com/dQbPaG5BA5";11;31
"He's new to Buffalo but has played his way on to the roster. Eddie Yarbrough is mic'd up. Presented by NAPA.pic.twitter.com/GbvRxZVBdR";82;591
"Tre and Zay. White and Jones projected to make All-Rookie team: http://bufbills.co/QDYyHU pic.twitter.com/lBTQgwvfZE";44;246
"If you're keeping track at home, here's how the roster looks right now: http://bufbills.co/a9zEBM pic.twitter.com/vBvnleC46B";47;144
"Good looks from our newest WR. We see you, @CALiboy4. #GoBillspic.twitter.com/VkscHfCvy4";71;233
"We've acquired WR Kaelin Clay and a 2019 7th round pick from the @Panthers for CB Kevon Seymour. Details: http://bufbills.co/uNME7f pic.twitter.com/9mTZ0Wfbuj";192;413
"We have released 27 players from the roster. More info on our moves: http://bufbills.co/TgBfl8 pic.twitter.com/CwIXRuumpu";136;242
"150 WNY kids are heading back to school with brand new backpacks thanks to @micah_hyde and his foundation! #GoBillspic.twitter.com/A46mqVRTBo";47;198
"Get Gear with @MillerLite!pic.twitter.com/20Z2AiPT86";32;142
"Eye care is close to @KevonSeymour's heart and vital to his career. He teamed with Atwal Eye Care to provide free eye exams for local kids!pic.twitter.com/HLAkC4emQR";97;304
"Preseason Next Stop: the 2017 regular season #GoBillspic.twitter.com/u1irhIR4kK";47;243
"The longest-tenured NFL employee w/ one team retired from the Bills today. Congrats on 44 great years, Bill Munson! http://bufbills.co/MF34rm pic.twitter.com/5LrrmN7rS6";75;353
"It's Fun Fact Friday with our guy Tre White!pic.twitter.com/0UhRyFFVAl";16;74
"The starters rested, but jobs were on the line. #DETvsBUFpic.twitter.com/Awz9Le7D7g";27;137
"9 for 11 81 yards 97.3 QBR Nate Peterman finished the preseason on a strong note. #GoBillspic.twitter.com/ZbAvRDxSfN";78;531
"Goodnight, preseason. Bring on the real deal. #GoBillspic.twitter.com/BTPZExsIwv";168;739
""Tyrod is our starter. Nate Peterman is developing. It's important he goes through the process. I was proud of the way he played."pic.twitter.com/Ycze7WmIDr";53;406
"McDermott: "Great to see Jordan Johnson score a touchdown. Happy to see the hometown kid make the most of his opportunity."pic.twitter.com/apheP5oGLF";79;347
"Ending the preseason with a W! #DETvsBUF Game highlights: http://bufbills.co/Highlights2017 pic.twitter.com/TsragvhJVc";160;568
"Strip sack for Seau! #DETvsBUF #GoBillspic.twitter.com/wt4Pmx5umm";15;84
"Kaaya to Ford and the PAT gives the Lions another 7. 27-17 Bills | 3:32 4Q";11;22
"Tion Green takes Brad Kaaya's pass 74 yard for a TD. #DETvsBUF 27-10 Bills | 7:41 4Q";15;44
"UB's own Jordan Johnson punches it in! #OneBuffalo #DETvsBUFpic.twitter.com/1gz68YFwi0";94;274
"One quarter left in the preseason. #DETvsBUFpic.twitter.com/OB1Q3WO51I";24;138
"ENDZONE INT!!! We see you, Greg Mabin. #DETvsBUFpic.twitter.com/JWSxomwyWJ";20;104
"Joe Banyard is IN! #DETvsBUFpic.twitter.com/Y1uS379yDT";26;115
"Joe Banyard breaks free for 40 yards! #DETvsBUF #GoBills";15;78
"Nate Peterman tonight: 9 for 11 81 yards 97.3 QBR #DETvsBUF #GoBillspic.twitter.com/TvBUxGtWBe";247;1196
"Heading into halftime with the lead. #DETvsBUFpic.twitter.com/ieGstdONdq";28;130
"The Lions get on the board with a 53-yard field goal. #DETvsBUF 13-3 Bills | 1:55 2Q";11;26
"Another one. 45 yard field goal is good! 13-0 Bills | 12:22 2Qpic.twitter.com/yTqa8j8CaS";14;148
"No stopping @Jwillpart2! #DETvsBUFpic.twitter.com/B5UCi9A2f6";180;541
"FUMBLE ALERT! Lions fumble and Joe Powell recovers. Bills ball. #DETvsBUFpic.twitter.com/gvRUBib1Ik";10;63
"Worthy is walking off with help from the trainers. #DETvsBUFhttps://twitter.com/ChrisBrownBills/status/903402155624845313 …";9;23
"We have the lead after one. #DETvsBUFpic.twitter.com/UQmxaj5VP0";26;140
"Shaking tackles all the way to the endzone. TOUCHDOWN, @Jwillpart2! #DETvsBUFpic.twitter.com/Hc0XBmjJMw";48;158
"We're on the board! #DETvsBUF 3-0 Bills | 8:27 1Qpic.twitter.com/5DfprZk1f1";13;94
"Still leading the troops. #GoBills Let's play ball. #DETvsBUFpic.twitter.com/uzsS1JyXPS";33;208
"Watch #DETvsBUF live tonight with NFL Game Pass. Free trial: http://bufbills.co/Y5I3el pic.twitter.com/biDJXsgNpr";20;69
"#NewProfilePic #HoustonStrong Text HARVEY to 90999 to donate $10 to @RedCross Hurricane Harvey relief.pic.twitter.com/9NcZimS11f";117;445
"The playmakers are ready. #DETvsBUFpic.twitter.com/GE2dT0U2oK";43;213
"Game ready. #DETvsBUF #GoBills Vote for this week's BENRUS Best Dressed on Facebook.pic.twitter.com/hstO5I8pzi";10;56
"Tonight's QB1 getting warm. #DETvsBUF #GoBillspic.twitter.com/PTujqIBXOh";59;326
"Philly Brown with the shoe game. #DETvsBUFpic.twitter.com/Dl0HpC5HlP";19;145
"Ready to round out the preseason at home. #WinFromWithin #GoBillspic.twitter.com/gcea45oZEl";28;155
"Our favorite head coaches. #GoBillspic.twitter.com/uMUODOxIDt";159;1324
"Bills pets are the best pets. #GoBills Check out all featured fan #BillsSelfie photos: http://bufbills.co/EIiRzU pic.twitter.com/Ifl8anD69d";11;54
"Who will have tonight’s Carubba Collision of the game? Use #CarubbaGiveaway and you could win tickets! Rules: http://bufbills.co/vO8Tlp pic.twitter.com/6hY6YYLkBD";9;32
"Bring a jacket tonight! It'll feel like fall at @newerafield as we finish out the preseason. #GoBills #DETvsBUFpic.twitter.com/ETFVEtrjEi";16;55
"Your child could be our next @FUTP60 Kickoff Kid! Enter here: http://bufbills.co/A4cqmp pic.twitter.com/4JwiWERvMn";6;20
"It's GAME DAY in Orchard Park! #GoBills What to watch for in #DETvsBUF: http://bufbills.co/y9DCkx pic.twitter.com/uWBdnqRKgt";75;262
