text;retweets;favorites
"Tre, Zay, and the entire Bills Toyota Rookie Club hosted 150 kids at @newerafield​ for an NFL Flag Clinic, powered by @usafootball! #GoBillspic.twitter.com/BFRadnUTyh";28;120
"down duo. Best Friday practice photos: http://bufbills.co/abJKii pic.twitter.com/fp800jybak";35;244
"Key advantages, matchups and more for Sunday's AFC battle. Week 3 scouting report: http://bufbills.co/41JecD pic.twitter.com/JveLBe2ziU";14;39
"New 'do. Bills blue. #GoBillspic.twitter.com/NqusGUUpKu";39;358
"Marcell Dareus, Cordy Glenn and Jerel Worthy are officially OUT for Sunday's game. #DENvsBUF Full injury report: http://bufbills.co/injuryreport pic.twitter.com/zQqm8EacHq";37;52
"You know a lot about one of your favorite Bills, but we bet you didn't know all this! Kyle Williams. Fun Fact Friday. pic.twitter.com/DOK53SLrBy";12;83
"Always moving the chains. #GoBillspic.twitter.com/cgWTxCkYNt";50;394
"“I sense that our team embraces the underdog role and there’s power in that. Our focus is on ourselves, the Broncos and getting to 2-1.”pic.twitter.com/0gHl6KimX6";37;256
"He's making a difference in the first two weeks of his NFL career. @TreWhite16 highest-graded rookie CB: http://bufbills.co/fNKGmY pic.twitter.com/a1jtNwNOLT";34;212
"We're proud to partner with the @ECMCBuffalo Trauma Center, this Sunday's game day sponsor. Support the Center: http://supportecmctrauma.org/ pic.twitter.com/WjCbKfnDFr";9;37
"Sunday's work attire. #WhoYouWithpic.twitter.com/73tS5vndug";94;493
"Welcome to #TakedownThursday. Courtesy of @J_poyer21! pic.twitter.com/xGTuvmTErT";23;163
". @Dinosaur_BBQ is going bowl’d this season! Stop by the Buffalo restaurant or make your own today!pic.twitter.com/jMYNcJ1RxX";13;44
"Bills staff gave back to the community last week with a day of cleaning up @Cradle_Beach. #OneBuffalopic.twitter.com/Pey0ZRNvVD";12;72
"Fact: if you put @BrunoMars on, Charles Clay will bust a move. We asked our tight end 20 questions in What's The Scoop with Perry's!pic.twitter.com/OOy6KREm66";33;163
"Post game day pics for a chance to win Bills tickets, @LabattUSA @Zubaz gear and @perrysicecream! 21+ #ZubazSweeps: http://bufbills.co/ZubazSweeps pic.twitter.com/CrqTiwPcdQ";9;44
"The red hot Broncos are coming to town. And our defense is looking to continue their success: http://bufbills.co/OiaS24 pic.twitter.com/CLM5alzAtn";20;124
"Airfare. Hotel. Tickets to the game and the all-new @NFLExperience in Times Square! Enter for a chance to win: http://bufbills.co/KanMsj pic.twitter.com/YwN7fd4H9n";7;42
"You can still win tickets to Sunday’s game! Donate blood at any Unyts Neighborhood Blood Donation Center today for your chance to win.pic.twitter.com/pFDBJpHO8s";9;44
"Can the defense keep it up when the Broncos come to town? #GoBills Top 6 storylines heading into #DENvsBUF: http://bufbills.co/jcB7hA pic.twitter.com/6OZsXIed3J";28;109
"The offense went back to work and the squad is focused on bouncing back against Denver. #DENvsBUFpic.twitter.com/e9NXkFZoXX";63;338
"Looking good, @TreWhite16. https://twitter.com/PFF/status/910545858562805761 …";111;691
"Back home, and ready to get back on track. It's Broncos week. #DENvsBUF #GoBillspic.twitter.com/eE0EfsfD2x";20;120
"When Shady's not on the field or in the playbook, he's a teacher. That and more in Bills Life: http://bufbills.co/gRR0zs pic.twitter.com/q5thKPI4DQ";11;55
"Going head first into Broncos week. #GoBills : http://snapchat.com/add/BillsNFL pic.twitter.com/dAWt3ZD254";294;876
""Tyrod gets blamed for everything. He's a really good player. There are games that we wouldn't have a shot in without him." #GoBillspic.twitter.com/CHqFattacr";254;1029
""I think some players don't take accountability but I do. Sunday wasn't as bad as I thought, but there were still plays I could've made."pic.twitter.com/5nGeAFJWv3";21;136
""There's definitely some plays we'd like to have back. We'll continue to work as an offense and look to improve." #GoBillspic.twitter.com/hSg8lJsxIG";10;117
"#GoBills";1;1
"Mark your calendars to join us on Saturday, September 30th for our Electronic Recycling Drive! Event details: http://bufbills.co/4HPNHb pic.twitter.com/mnpOdPANAJ";5;25
""We haven't been perfect on defense but I'm very encouraged. Their communication has been key in not allowing a touchdown pass this season."pic.twitter.com/AuoieCapbA";11;175
""Denver has a very good defense. They're a 2-0 team coming here and we look forward to getting on track at home this week." #DENvsBUFpic.twitter.com/8PgL0yAifA";11;113
"We have re-signed Robert Blanton and Deandre Coleman. Details: http://bufbills.co/thnJPb pic.twitter.com/FMvKhELmHv";26;115
""We know we’re a good football team. We’ll continue to work, to get better." McDermott sees toughness growing: http://bufbills.co/EUbEXC pic.twitter.com/6x7XCoolfG";23;187
"The new fan favorite. The Toldozer. Mic'd and chirping it up. Wired for Sound is presented by NAPA. #GoBillspic.twitter.com/ELaIufYix0";35;171
"We've released two players from the roster: http://bufbills.co/zUZOXP pic.twitter.com/d2ojUuUfb0";15;58
". @PatDiMarco42 surprised the hardworking @ECMCBuffalo Trauma staff today with tickets to this Sunday's game! #OneBuffalo #GoBillspic.twitter.com/vzp3PKLbbc";23;184
"A season-ending injury threatened Jordan Poyer's future in the NFL. Then the Bills came calling. Beyond Blue + Red: The @J_poyer21 Comebackpic.twitter.com/hVglSVCc8f";817;2351
"We are second in total defense after two weeks. And the D looks to stay hot against Denver: http://bufbills.co/8Cdusa pic.twitter.com/UZKoXjlBKd";60;299
"IT'S TODAY! Come on down to @newerafield to help save lives, win awesome prizes, and meet current and former Bills. http://www.unyts.org/teamunyts pic.twitter.com/pkYgandqQn";5;47
"Be there when we return home this Sunday! #DENvsBUF Enter for a chance at four suite tickets: http://bufbills.co/RxSHPT pic.twitter.com/2jqc6FBgUL";17;77
"Denied. Just another play made courtesy of @J_poyer21.pic.twitter.com/uuDUfrKkib";80;425
"“Tyrod is our starter." McDermott gives a look at the offense going forward: http://bufbills.co/VyIh9W pic.twitter.com/pmMNeWBewL";25;167
"His defense had six sacks and allowed no TDs. That's not enough for DC Leslie Frazier. Quick hits: http://bufbills.co/VyIh9W pic.twitter.com/OGt5P6Oq6o";41;290
"We learned a lot about our defense yesterday. Now we regroup, and it's on to Denver. #GoBillspic.twitter.com/Hb9iJOY64q";42;260
"We're teaming up with @Unyts TOMORROW to save lives and we need your help! Come out to @newerafield to donate blood and win awesome prizes.pic.twitter.com/7FCrB8AaHu";18;58
"“These guys battled. There's no other locker room I’d rather be in." Our defense was locked in against Carolina: http://bufbills.co/zwE8ug pic.twitter.com/oBduRcaMPr";5;99
""It takes more than one guy to win a game. We're going to get that chance again and I hope it's Zay because I know he'll make that play."pic.twitter.com/q4I1mXWJ42";38;409
""We all need to play better and it starts with me as the coach. Tyrod is our starting quarterback and I expect him to respond this week."pic.twitter.com/WJHBQ6D0f1";23;143
""We're two weeks into a young season. There were a lot of good moments yesterday but we need to focus on improving."pic.twitter.com/Bs7fTMawkA";16;104
"Jordan Poyer is the first DB in Bills history with a sack in each of his first two games. #GoBills He's done that and more... pic.twitter.com/ID0EOk09Id";306;1540
"There were a lot of standouts on D in #BUFvsCAR. Who is the @BlueRockEnergy Player of the Week? Cast your vote: https://bluerockenergy.com/potw/ pic.twitter.com/hLxPQtSLzr";19;96
""It’s very tough, because of the guys in this locker room. I play my heart out for them." Bills react to the loss: http://bufbills.co/EulVW9 pic.twitter.com/wmvAFKT75Q";22;166
"The Bills D had six sacks and no touchdowns allowed. Top 3 things we learned from #BUFvsCAR: http://bufbills.co/8HlMcf pic.twitter.com/kmbkG36XZw";58;367
