text;retweets;favorites
"Can the secondary slow Julio Jones down? Here's the Week 4 scouting report: http://bufbills.co/LK8Eb6 pic.twitter.com/xPir00affC";12;82
"When the weekend hits... #GoBillspic.twitter.com/z2B1s0adP9";105;497
"DE Eric Lee has been promoted to our active roster. Details: http://bufbills.co/9y22NX pic.twitter.com/aCld3VzXrl";40;154
"One player is out, one player is questionable for Sunday's game. Full #BUFvsATL injury report: http://bufbills.co/injuryreport pic.twitter.com/14RVxfHiro";7;31
"Retweet if you're Team @KingJames like @zayjones11! #FunFactFriday #GoBillspic.twitter.com/AyL0tJNo15";56;149
"There's only one coffee for us. #NationalCoffeeDay #GoBillspic.twitter.com/PB7mfumwpG";104;447
"Time to treat yourself to some new Bills gear. Free shipping: http://bufbills.co/aNqDBG pic.twitter.com/h28FB4XKQ6";10;27
"“Atlanta has picked up where they left off from last year. They have weapons and it’s going to be a real test for us on Sunday.” #BUFvsATLpic.twitter.com/1wJD0QN8Cn";22;169
"Mark your calendars and be sure to join us this Saturday, September 30 for our Electronic Recycling Drive! Details: http://bufbills.co/4HPNHb pic.twitter.com/MUlY1NcxtK";5;16
"Hauschka has some range. And he is money from downtown: http://bufbills.co/5qmV5f pic.twitter.com/lGmj2K8pNZ";19;125
"If you buy @MillerLite beer, you get gear! #GoBillspic.twitter.com/zFvXpJFeBj";28;135
"Introducing the NFL Defensive Rookie of the Month. #TakeawayThursdaypic.twitter.com/bXaUmkOvn8";167;621
"#GoBills.pic.twitter.com/H69VEYCvwS";159;818
"Jordan Matthews is focused on helping children and families in need off the field. Find out more in Bills Life: http://bufbills.co/csSsnG pic.twitter.com/OjpQqaIptN";40;181
"Tom Brady. Drew Brees. Tyrod Taylor. T2 is the third highest graded quarterback this season: http://bufbills.co/cK6osy pic.twitter.com/pXVfASc8RL";196;658
"Follow the Bills on the road with an exclusive Travel Package from @PrimeSport! http://bit.ly/2h7uaQj  #GoBillspic.twitter.com/8vU9uR70fB";5;31
"He leads the league with seven passes defensed in September. PSA: don't throw near @TreWhite16. #GoBillspic.twitter.com/5JdzbFzBiU";134;531
"One month in and Tre White has been named the NFL Defensive Rookie of the Month! http://bufbills.co/8J1oPE pic.twitter.com/WD5uit2V0T";937;2965
"We're breaking out of the blue this week. #GoBills Presenting your Bills work attire for Atlanta. #WhoYouWithpic.twitter.com/VOVcw6jlQ6";95;444
"Show your stripes w/ #ZubazSweeps photos for a chance at Bills tix, @LabattUSA @Zubaz gear & @perrysicecream! 21+ http://bufbills.co/ZubazSweeps pic.twitter.com/SZ15pHI0ce";5;45
"Eyes on the Falcons. #GoBillspic.twitter.com/xsLSHBSbe0";35;230
"He was on the '85 Bears defense. He's been a head coach and a DC before. It's no surprise Leslie Frazier's Bills D is dominating already.pic.twitter.com/AXHEWF7jrP";79;362
"New opponent. New matchups. Rick Dennison and Tyrod are working to evolve the offense: http://bufbills.co/f0fTjz pic.twitter.com/21KmERY5SY";19;125
"Tyrod and @onemangang97 had special guests in the house on Sunday from the Niagara Falls Housing Authority STYA Program and ACES Foundation!pic.twitter.com/dGaE8YMaz3";13;112
"The defense has been dominant so far. And they know how big the challenge is this week: http://bufbills.co/zOKPYH pic.twitter.com/w8VYIqc2kd";16;150
"Airbnb is taking over @newerafield for a night! Tell us why you want the sleepover of your dreams: http://bufbills.co/FGtWpv pic.twitter.com/GmFWNRLoWs";7;31
"“At the end of the day I’ll do whatever it takes for success. I’m willing to be the decoy on offense if that means the team gets a win.”pic.twitter.com/kGZdnT6ONm";62;499
"There’s a new reporter in the room at One Bills Drive. there, @CutonDime25!pic.twitter.com/zSmErJPKea";106;490
"#GoBills #GoBills #GoBills #GoBills #GoBills #GoBills #GoBills #GoBills #GoBills #GoBills #GoBills #GoBills #GoBills #GoBills #GoBills #GoBills #GoBills #GoBills #GoBills #GoBills #GoBills #GoBills #GoBills #GoBills #GoBills #GoBills We're loving the new 280 on @Twitter.";539;1966
"“I think the Bills are good. I’ve been a huge fan of McDermott." Former NFL executive praises the Bills: http://bufbills.co/GpUfBG pic.twitter.com/0fCya5dDJv";32;149
"“Our players have been focused. I appreciate their ability to communicate with each other while staying focused on the Atlanta Falcons.”pic.twitter.com/NeQoxFEZ0W";26;163
"Four field goals Two from 50+ Yep, that'll win you AFC Special Teams Player of the Week. Congrats, Stephen Hauschka! http://bufbills.co/yaXImP pic.twitter.com/TuVyBedQPU";108;518
"Vertex Solutions is lighting up @newerafield with a new LED lighting system - the first of its kind in the NFL!pic.twitter.com/gdrch3YVEc";50;176
"You can't stop @C42Clay. #TouchdownTuesdaypic.twitter.com/hIDSMUP4Q9";79;347
"Ladies and gentlemen, welcome to Bills Egg Roulette. #GoBillspic.twitter.com/PNEHKe0Irf";364;1255
"The Bills and our fans were proud to salute 96-year old Staff Sergeant Jasper Rivera during Sunday's game! http://bufbills.co/dVJ0X6 pic.twitter.com/Y368tiJbGs";74;386
"Taking care of business and taking care of hunger. We have 182 tackles for 3,640 donations so far. Let’s keep rolling! #GoBillspic.twitter.com/beP9Skb5Lu";29;135
"We have released DT DeAndre Coleman. Details: http://bufbills.co/NtfdQy pic.twitter.com/c52o8eLFvd";16;68
""Beating Denver showcased the heart of this team." What the national media is saying about the Bills: http://bufbills.co/W6pN0u pic.twitter.com/bo6GFnijeW";36;218
"Congratulations to Eunice Lewin, the 2017 Bills Hispanic Heritage Leadership Award winner! #FeelTheOrgullopic.twitter.com/g3Ws8tT1Au";16;107
"Don't sleep on Nick O'Leary! Four under-the-radar plays that helped get the Week 3 win: http://bufbills.co/0mwZQh pic.twitter.com/XAvIZY1ebE";58;322
"Happy #NationalPancakeDay and @68INCOGNITO is serving! #GoBillspic.twitter.com/nZyl0qJvmJ";79;351
""Take away his chocolate chip cookies!" You don't want to miss @Iam_jerryhughes mic'd up. Presented by NAPA.pic.twitter.com/YM0lv9QaNC";103;420
"The Bills defense has yet to allow a passing touchdown this season. : http://bufbills.co/0YU64x pic.twitter.com/6RMBocaJg1";337;1009
"Our next home game isn't until October 22nd, but we want you there! #GoBills Enter for a chance at tickets: http://bufbills.co/RxSHPT pic.twitter.com/gQhFBWjQce";19;90
"The Bills currently lead the NFL in points allowed per game. #GoBills http://bufbills.co/0JMy3v pic.twitter.com/rZj4z1AIm8";162;736
""Tre'Davious White with a HUGE interception!" Check out Tre's INT as called by @JohnMurphyShow in this @HilbertCollege Call of the Game!pic.twitter.com/uAAJjE4Re5";25;113
"Eric Wood: "There was a line drawn in the sand...I know for our team, the guys who knelt meant no disrespect to the military whatsoever."pic.twitter.com/5XXioeTV2p";155;655
"Watch your Bills win again with a free trial of NFL Game Pass! http://bufbills.co/Y5I3el pic.twitter.com/Zs8cdbuak8";4;52
"We got the W and home field was defended. #GoBillspic.twitter.com/iOPqtD1Hfa";80;482
"We circled the wagons on Sunday. #GoBills Take the field with us in this 360 degree video of your Bills taking the field!pic.twitter.com/7SB4sHGMn1";54;203
"“Jim Kelly and Shady have spoken and I think having that communication is a good thing for our team.”pic.twitter.com/yPmiJ4oW9N";35;369
"“This is the 2017 Buffalo Bills. We’re trying to unite a team, community and nation. This organization is trying to improve our country.”pic.twitter.com/aJOKtm8cWk";166;1179
"Leads the NFL in passes defensed. Had the first INT of his career on Sunday. Tre White is balling out! #GoBillspic.twitter.com/llnwyzZHAY";59;272
"“This is a polarizing time for us. We believe in love and equality. I know there are people upset and I hope good can come out of this.”pic.twitter.com/9ienWvZuep";31;304
"Love. Unity. Equality. #GoBills How team discussion increased respect and togetherness: http://bufbills.co/kxOR1C pic.twitter.com/SxOD97jnuQ";30;169
"Didn't get your free donut yet? Go get it! #GoBillshttps://twitter.com/buffalobills/status/912306263920345088 …";6;50
"“We’re building a team of players that love to compete and improve every day. There’s no other locker room I’d rather be in.” #GoBillspic.twitter.com/IWxxIgGMaW";33;245
"“This team is resilient, I was proud of how our team played. We’re very appreciative of our fans and the energy that they brought all game.”pic.twitter.com/OMg5sZlKCc";27;284
"“There are things that are bigger than the game of football. It is important that we continue to grow every day as a football team.”pic.twitter.com/p6yM86z1AA";23;159
"Gear up after the big win! Free shipping: http://bufbills.co/Z0wjeV pic.twitter.com/ZhkyPPuZZB";12;43
"T2. #GoBillspic.twitter.com/Hi6wTLtxXe";42;200
"Fact: Mondays are always better after a win. #VictoryMonday #GoBillspic.twitter.com/4dBHqBSQBi";216;847
"Out of the way: @micah_hyde coming through! #CarubbaCollisionpic.twitter.com/K5jTERLjih";17;96
"Hausch Money. #GoBills Top 3 things we learned in yesterday's big win: http://bufbills.co/slz35w pic.twitter.com/E4Ggcjuxgd";34;208
"It's time to vote for the @BlueRockEnergy Player of the Week! #GoBills GO GO GO: http://bluerockenergy.com/potw/ pic.twitter.com/hruMyjHbYf";19;88
"Get on up, it's Victory Monday! pic.twitter.com/7I7Qmn6BzE";286;1125
"We scored two TDs, so you score a free donut with a coffee purchase, thanks to @TimHortonsUS in Buffalo & Rochester! See image for rules.pic.twitter.com/jzzWxSHQWt";29;114
""This team is gritty." How Bills players are reacting after the win: http://bufbills.co/Swv4s2 pic.twitter.com/sE79W5zqTG";63;412
"That Von penalty? Tyrod explains. #DENvsBUF #GoBillspic.twitter.com/ufjwq40w9L";236;848
"The Broncos did not have the time of their lives today. Highlights from the win http://bufbills.co/mknM2M pic.twitter.com/2V4ThqyASg";46;234
