text;retweets;favorites
"Football weather is here. Gear up with our new arrivals: http://bufbills.co/uE0lxw pic.twitter.com/YuDiAMqAOM";19;116
"He donated stadium lights to a local high school and is using "Preston's Playbook" to improve the community: http://bufbills.co/pLqaxQ pic.twitter.com/ZvnxhMjC3x";25;141
"We're looking to make it three wins in a row. #BUFvsCIN scouting report: http://bufbills.co/wcI7IM pic.twitter.com/e6Akmu7sQ4";33;221
"Two Bills are officially OUT for Sunday's game. Four are questionable. The injury report: http://bufbills.co/injuryreport pic.twitter.com/Yul0CUloMn";12;54
"He's a rookie, but he's making plays. @TreWhite16 graded as second-best cornerback in Week 4: http://bufbills.co/WxftDd pic.twitter.com/EflSx99WKn";122;559
"He does more than just catch INTs. #GoBills Get to know the man of the hour, Micah Hyde!pic.twitter.com/IgZ471kxh2";23;138
"“I’m impressed by LeSean’s growth as a teammate. I love how he’s embraced this locker room in an unselfish way and puts the team first.”pic.twitter.com/KnBbQUR3ND";61;611
"Join @ECMCBuffalo + the Bills Alumni Foundation for a Community Health Fair on Oct. 16 to kick off #CrucialCatch Week! We'll see you there.pic.twitter.com/0Ug0OoiPPg";4;22
"We brought you along to practice! #GoBills Move your phone or swipe to check out this 360 video of our prep today at One Bills Drive.pic.twitter.com/XavfNPnTgR";30;122
"Mood. #OneBuffalopic.twitter.com/9cQBZoIyZT";1232;4261
"Every game means a lot, but for a kid from Cincinnati this Sunday's game means that much more. @PB_Number2 tells us why.pic.twitter.com/vaVcEMEnwO";39;201
""Not everyone was as alert as the rookie, but Tre never stopped running." Can't miss plays of the 2017 season: http://bufbills.co/1RydbV pic.twitter.com/cVmltgI9aV";15;186
"Flights to NYC Tickets for our TNF game at the Jets Access to the all-new @NFLExperience Its on us! ENTER: http://bufbills.co/KanMsj pic.twitter.com/EYh4hT0bGR";15;76
"Okay, @TreWhite16. https://twitter.com/PFF/status/915958778444513280 …";73;475
"From our guys to yours, good luck this season @BuffaloSabres! #OneBuffalopic.twitter.com/7iUOZzZ9Fo";529;1991
""We're playing fast and having fun. We love having Coach McDermott in Buffalo." @PB_Number2 representing on @gmfb. #GoBillspic.twitter.com/lsmlXXftlF";84;353
""They have the identity and attitude we need." Bills are third-most efficient pass blocking team in the AFC: http://bufbills.co/ODiWsv pic.twitter.com/xAXk2RzQNK";29;211
"Enter today for your chance to win an exclusive tour of @STBCbeer and suite tickets to a Bills home game! http://bufbills.co/upIw2g pic.twitter.com/UoMWTEmQjd";24;53
"Here comes the herd. #GoBills Today's top practice photos: http://bufbills.co/1BX1ox pic.twitter.com/RR3D5wEucN";22;177
"NY native, former marine and our defensive line coach. Get to know Mike Waufle in Life On the Sidelines.pic.twitter.com/a6tIrxN5pf";140;498
""Nobody crowns the champs after five games...It's about preparing well and getting it done." #GoBillspic.twitter.com/rIIKg5MZng";59;393
"The #4 player of the week is our guy @micah_hyde! #GoBillspic.twitter.com/uS8Og1fr1c";62;251
"3-1 and building. It's Bengals week. #BUFvsCIN #GoBillspic.twitter.com/PVxHFbRy76";86;462
"There are still select tickets available for games this season at @newerafield! Get yours now: http://bufbills.co/2017Tickets pic.twitter.com/cP9YkwtSo3";7;71
"Sunday, we look to make it three wins in a row. 7 #BUFvsCIN storylines: http://bufbills.co/O9xRf1 pic.twitter.com/4ioYYY1pF2";41;277
"";0;16
""The Bills are 3-1 and there are a lot of things to be excited about from @TyrodTaylor." We agree, @gmfb. pic.twitter.com/cLok2fGikP";361;1092
"“The season is still early. No one gets crowned after Week 4. We respect all our opponents and need to do whatever it takes to win.”pic.twitter.com/2MOzSZ6pkr";75;664
"“Everyone in our locker room plays with a chip on their shoulder. We are 3-1 right now, but we have to keep that hungry mindset.” #GoBillspic.twitter.com/9XLaEN1Bo0";84;647
"“He is one of the premier pass rushers in the NFL." Jerry Hughes is leading the Bills in sacks this season: http://bufbills.co/nOYFn6 pic.twitter.com/3yyI2LHpTc";36;236
"Q: “Jerry Hughes said he plays with a chip on his shoulder. Does that characterize the defense?” A: “No, that’s our whole team.”pic.twitter.com/0cNZeEK89o";120;745
"“The great part about this team is we have leaders. Those guys have made it clear what has happened here before and are keeping us focused.”pic.twitter.com/DqKt67rCzH";30;229
"Back-to-back. Stephen Hauschka has been named the AFC Special Teams Player of the Week AGAIN! #GoBills Here's why: http://bufbills.co/aiRWTe pic.twitter.com/FY92cGfXKZ";111;586
"We're white hot heading into Cincinnati. #BUFvsCIN #WhoYouWithpic.twitter.com/f3EsVXegut";180;916
"You know the deal. Buy beer, get @MillerLite gear!pic.twitter.com/RcDneQimJG";18;93
""It’s time to start paying attention to the Buffalo Bills. They've been solid all year." http://bufbills.co/HesIle pic.twitter.com/Zj5yQ0zSyt";167;831
"You never forget your first touchdown. #TouchdownTuesday pic.twitter.com/Hpwjwfk4w8";106;485
"First kicker in @NFL history to make multiple 53-plus yard field goals in consecutive games. #HauschMoney http://bufbills.co/47lvuR pic.twitter.com/9Ms4Kqb94h";179;835
"Make 'em miss and move the sticks. Our Week 4 Brownie points are served: http://bufbills.co/FKM5k9 pic.twitter.com/BbMzcyKRcB";24;147
"";0;4
"Your undisputed @BlueRockEnergy Player of the Week: MICAH HYDE! pic.twitter.com/6XAJKE9NVc";72;491
"The #2 throw of the week belongs to our guy @TyrodTaylor! #GoBillspic.twitter.com/UulVVQcyhF";95;392
"We've signed: WR Philly Brown S Trae Elston S Shamarko Thomas Two players have been cut, one moved to IR: http://bufbills.co/JqOIb2 pic.twitter.com/va3IKU769l";99;333
"Unleash the beasts. #GoBillspic.twitter.com/37nMquYQub";196;739
"Jordan Matthews called Hyde's INT before it happened...and what a TD celly! We got that and more when he was mic'd in ATL. #GoBillspic.twitter.com/UfATvlj7X3";200;846
""The Bills have the number one scoring defense in the NFL and I am so fired up for Buffalo." Okay, @gmfb. pic.twitter.com/8XUbnujtcC";779;2251
"Two things @C42Clay is good at? Catching footballs and helping us get Ws. #ShouldersofGreatness #GoBills @HeadShoulderspic.twitter.com/zehnf2rL6d";26;164
"It's Ticket Tuesday! Enter for a chance at two club seats for Bills-Bucs: http://bufbills.co/RxSHPT pic.twitter.com/VJs4gQiNgB";20;75
"The seven-point sack that changed the game. #GoBillspic.twitter.com/lyK5YQQHD8";54;364
"We're off to a 3-1 start, but we've got work to do. #GoBills http://bufbills.co/kL5gpk pic.twitter.com/nD33x1wctO";102;703
"We went down south and brought a win home. #GoBillspic.twitter.com/MUiedQuYm2";63;501
"You're looking at the NFL's interception leader. #GoBillspic.twitter.com/CIffBkwacv";198;1047
"4th and 1. Game on the line. And the defense shut Atlanta down. Listen in to @JohnMurphyShow in this @HilbertCollege Call of the Game!pic.twitter.com/HQCCHObAvY";35;138
"Sign up for the #IHBillsChallenge and get more chances at our grand prize when you refer a friend. http://bufbills.co/Challenge pic.twitter.com/ve5pz7jTCn";9;23
"We have released WR Walt Powell. Details: http://bufbills.co/vlZKG7 pic.twitter.com/Sm5qORx6yv";31;140
"Here comes the BOOM. This #CarubbaCollision is brought to you by @onemangang97!pic.twitter.com/ajHXxSdsjh";15;85
"#VictoryMonday pic.twitter.com/ClYRTlVliO";175;665
"The win that keeps on giving. Gear up with free shipping: http://bufbills.co/Z0wjeV pic.twitter.com/4TIHEI7n4s";13;86
"Many shined in our win over the Falcons! But who was brightest? Cast your vote for BlueRock Player of the Week: http://bluerockenergy.com/potw/ pic.twitter.com/eS10177nKD";31;170
"“Handling winning is a large part of sustaining success in the NFL. There is always adversity but we have work left to do.”pic.twitter.com/jzBO4hqzHN";21;166
"“We are thinking about the families impacted by the tragic news in Las Vegas. Everyone is in our thoughts and prayers today.”pic.twitter.com/E5nK1tkZjV";157;1092
"The hearts of the entire Bills family are with all those affected by the terrible tragedy in Las Vegas. Sending love, thoughts and prayers.";505;2854
"Can we just talk about @micah_hyde? #GoBillspic.twitter.com/4QbE4q9ldh";229;1278
"Your Bills served the Falcons their first loss of the season. #GoBills Top 3 things we learned from the win: http://bufbills.co/12mrVc pic.twitter.com/uKlWpaa5Tp";101;635
"Take it from Kyle. This team is tough. #GoBills Bills players react to today's win: http://bufbills.co/amU8UF pic.twitter.com/cUSmYNQHTc";198;1037
"Thanks Golic!";3;69
"How about those Buffalo Bills.pic.twitter.com/SlsfhnYjyb";984;3579
