text;retweets;favorites
"Stephen Hauschka is making a #CrucialCatch for his Aunt Sue and friend Madeline. pic.twitter.com/3OQif2HiNW";57;313
"Weekend vibes. pic.twitter.com/i2H1fixvut";102;386
"We're back at New Era Field after the Bye. Here's everything you need to know about #TBvsBUF: http://bufbills.co/Nr1Gjl pic.twitter.com/i0Mr2ekYYN";6;71
"When @miketolbert35 takes over Bills Snapchat you know it's going to be You don't want to miss it: http://snapchat.com/add/BillsNFL pic.twitter.com/mpyS99MyTQ";5;60
"It's #BillsFriday! #GoBills We want to see photos of you in your Bills gear. Tweet them at us using #BillsFriday.pic.twitter.com/VQpiMrHdUt";4;38
"The ECMC​ and ADPRO Sports​ Yowie is BACK as Sunday's game day giveaway! #CrucialCatch And our players modeled all the ways to wear it. pic.twitter.com/7QT813l9du";18;110
"We're on the 10k chase with @CutonDime25 and he'll be at The Bills Store from 5pm-7pm today! Gear up: http://bufbills.co/SPGgIJ pic.twitter.com/LbhbIW1nth";20;38
"Coach McDermott got his question answered. Jameis Winston will start for the Buccaneers this Sunday. #TBvsBUFpic.twitter.com/dFmrCUPy11";6;51
"Is WR Jordan Matthews in or out for Sunday? The full injury report: http://bufbills.co/injuryreport pic.twitter.com/jPLfi8sQnG";5;48
"Congrats to former Bill Fred Jackson and his twin brother on their induction into the Coe College HOF! Bills Life: http://bufbills.co/5angwt pic.twitter.com/jRheWuhlQz";37;298
"BIG LAW! #FunFactFridaypic.twitter.com/VlwajX2Thv";20;104
"“It’s been long enough, we got to get this thing rolling.” Shady is ready to get the running game going: http://bufbills.co/ujzUrF pic.twitter.com/hE1GZie9sS";26;140
"He's a great high diver AND he can play the ukulele. We asked @EddieYarbrough 20 questions in What's The Scoop with @perrysicecream.pic.twitter.com/Fpaw0zrvRb";34;202
"Jordan Matthews is honoring his Aunt Pokie during #CrucialCatch week. pic.twitter.com/XiqqImh5hH";32;266
"The New Era Field lights are blue tonight. We will honor Officer Craig Lehner and WNY First Responders during our home game on October 29th.pic.twitter.com/tyWrFstXq1";543;1942
""It was a long road, but I'm sitting here today as a cancer survivor." Jim Kelly and ECMC know a thing or two about making a #CrucialCatch.pic.twitter.com/4pEEueqVdG";72;305
"We have signed LB Deon Lacey and designated LB Tyrell Adams as waived/injured. Details: http://bufbills.co/uEKsqZ pic.twitter.com/o8L92CrQSE";17;53
"We love it. Congratulations! #GoBills";1;8
"He began as a neuroscience major at a D3 college who had never played football. Hauschka's wild path to the NFL: http://bufbills.co/lbfFnx pic.twitter.com/mEGZ16YHfZ";34;210
"Sign up for the #IHBillsChallenge for a chance at a trip to Nashville + VIP experience at Black River Entertainment! http://bufbills.co/Challenge pic.twitter.com/LX0ub8DAhe";4;19
"42 Bills. 5 events. Thousands impacted. Our players wanted to affect positive change. That began in a big way this week in WNY. #GoBillspic.twitter.com/IZRe5WKJw4";114;417
"One INT. One fumble recovery for a TD. Tied for most passes defended in the NFL. Oh, and @TreWhite16 is a rookie: http://bufbills.co/UY0TKX pic.twitter.com/zICsfSAwFA";57;317
"Coach knows we have the best fans in the NFL. More from Sean: http://bufbills.co/nXNjgT pic.twitter.com/a2Wiu9jpfn";93;463
"Will it be Jameis Winston or Ryan Fitzpatrick at QB for the Bucs? 7 storylines you should be following for Sunday: http://bufbills.co/vO9csQ pic.twitter.com/jXSRkN54cf";8;69
"We're coming off the Bye. We're getting healthy. And we're locked in on Tampa. #GoBillspic.twitter.com/5dkEBELs43";33;214
"Children and families impacted by pediatric cancer at Women & Children's Hospital had their very own party last night with Bills players!pic.twitter.com/uw5RP41qcY";28;156
"We have claimed LB Tyrell Adams and released Deon Lacey. Details: http://bufbills.co/C7tQkT pic.twitter.com/YiHRCJ5cQg";24;75
"Two Hokie QBs at One Bills Drive. Mike Vick stopped by for a pregame interview that will air this Sunday on @NFLonFOX. pic.twitter.com/nFXFnxDr4O";235;1212
"McCoy: “I feel confident in the game plan we have this week. We need to move the chains and score. It’s time to get this thing going.”pic.twitter.com/VNVnS5nfW5";60;556
""He'll be out at practice and we’ll take it one day at a time.” Jordan Matthews has been cleared to practice: http://bufbills.co/NNx2ey pic.twitter.com/5sP2VP6TbC";29;193
"“Our team used the Bye Week to get healthy. We scouted ourselves and have to get the running game going while eliminating negative plays.”pic.twitter.com/gRTN85lpgl";31;265
""Buffalo is a tough team that gives their opponents headaches." Bills crack the top 10 in NFL power rankings: http://bufbills.co/ekKc3V pic.twitter.com/xkifsHssFR";32;145
"“Excited to play at home this Sunday. We have the best fans in the NFL. I love visiting the RV lots, there are some special fans out there.”pic.twitter.com/ebx8lfinUf";119;802
"McDermott: “Tyrod has had some very good days and playoff caliber moments. You want to see the offense move and grow as the season goes on.”pic.twitter.com/WUKpCFPpiI";21;145
"We're back at home. And we're back in blue. We'll see you Sunday. #WhoYouWith #GoBillspic.twitter.com/e9zng14NmU";73;406
"Your child could win the chance to be the Buffalo Bills Junior GM for the day! ENTER: http://bufbills.co/D0ASMi pic.twitter.com/K6RMKWnbq6";4;28
"Lorenzo Alexander shares why today was so meaningful! #GoBills Follow us on Snapchat to see it all: http://Snapchat.com/add/BillsNFL pic.twitter.com/14Wss16jVv";18;146
"What. A. Day. Your Bills got out in the community in a BIG way! #OneBuffalo More photos from our FIVE events: http://bufbills.co/IDObKt pic.twitter.com/Ibdi510o8e";46;241
"We've signed WR Deonte Thompson and released RB Joe Banyard. Additional practice squad moves and more on Thompson: http://bufbills.co/TYIcN8 pic.twitter.com/7nW9n5Ojmz";82;225
"We're home this week, and you should be there! #GoBills Enter for a chance at club tickets: http://bufbills.co/RxSHPT pic.twitter.com/DBnlwgYFAE";13;55
"Bills LB Tanner Vallejo's family was evacuated, and his father and brothers are fighting the California fires: http://bufbills.co/rzEIXl pic.twitter.com/b4FuikB36P";31;114
"You could win an invitation to the @budlight Thursday Night VIP party at New Era Field on November 2nd! ENTER: http://buffalobills.com/BudLightVIP pic.twitter.com/K4p2XN70T7";10;33
"Just for the patients and their families, but thanks for your support! #GoBills";0;1
"We're chasing after 10k with @CutonDime25 in style. #10kchase #GoBills Gear up: http://bufbills.co/SPGgIJ pic.twitter.com/AFjgjyl4eV";38;98
"Tanner Vallejo's brother was diagnosed with brain cancer at six months old. When our LB takes the field, it's for Hunter. #CrucialCatchpic.twitter.com/Sq1YH92ie2";349;1205
""We just have to play a little better to help us win more games." The offense is focused on correcting mistakes: http://bufbills.co/KoYQEO pic.twitter.com/k2aN3VtehC";21;115
"Join ECMC and the Mobile Mammography Coach on Wed. for a free breast cancer screening at Dunn Tire in Olean to celebrate #CrucialCatch Week!pic.twitter.com/PPDYsPLeFO";6;35
"This Sunday, with input from our players, we will honor our first One Buffalo Community Organization of the Game! http://bufbills.co/hniOJO pic.twitter.com/ybfwrqn20I";30;156
"If you're not ready yet to tackle this week... Kyle Williams will get you there. #MotivationMonday #GoBillspic.twitter.com/PmIIUpgrn9";147;414
""He made a tremendous amount of progress during the Bye Week." @jmattjmattjmatt is ahead of schedule: http://bufbills.co/m9pc8G pic.twitter.com/EiGlcXjLFc";20;133
"The Bye Week is over. And we're ready to get back to work. #GoBillspic.twitter.com/9sEPUPqs8N";38;239
"Enter the VIP Brewing Experience sweepstakes for a chance win Bills suite tickets + a tour of Southern Tier Brewery! http://bufbills.co/upIw2g pic.twitter.com/MreRkbxGvc";13;34
"We have activated T Seantrel Henderson to the 53-man roster and released CB Greg Mabin. Details: http://bufbills.co/YSCIRr pic.twitter.com/Ev27geCfgT";26;148
"Because one Bill taking an @Uber from Chicago to Buffalo wasn't enough... @brandonreilly87 hitched a ride back to Buffalo after the Bye!pic.twitter.com/F3UhxOdnaB";223;1164
"The Bills and ECMC kicked off #CrucialCatch Week with a free Health Screening with Bills Alumni! More events: http://bufbills.co/0IE0dc pic.twitter.com/2RS3M2nLSa";6;30
"Look who’s back at practice. #GoBillspic.twitter.com/bmCTf6QxS8";132;966
"Kevin Cadle was a Buffalo native, Bills fan, and UK sports broadcasting legend. The Bills family sends our condolences to Cadle family.https://twitter.com/NFLUK/status/919853785635270656 …";394;2349
"Bills fans, it's #CrucialCatch Week! We're intercepting cancer with ECMC in a week of celebration and information. http://bufbills.co/0IE0dc pic.twitter.com/ngETzCeGfe";25;97
"McDermott: “Tampa Bay is a good team with a lot of weapons. Every week you need to bring your A game and that’s what we are focused on now.”pic.twitter.com/uXMh76MyA8";25;189
"Your Bills are sending thousands of WNY kids and adults to games this year through player season ticket donations! http://bufbills.co/dUfYAE pic.twitter.com/PjqYiBSRBP";24;143
"Colton Schmidt spent some of his Bye Week bringing smiles to little Bills fans at @WCHOBuffalo! #GoBillspic.twitter.com/r9sqbY1uTG";16;145
"We're missing Buffalo Bills football today. Here's the best of our first five games to get you through the Bye! #GoBillspic.twitter.com/fD8qvNMMdH";123;466
"We're not playing, but there's still plenty to follow today in the NFL. Who Bills fans should be rooting for: http://bufbills.co/66VFIP pic.twitter.com/A1kzIfYzEp";18;114
"We'll miss you today, Bills fans. See you next Sunday. #GoBills Get your tickets: http://bufbills.co/2017Tickets pic.twitter.com/FhG3AJ3PBt";68;436
"How do we rev up our running game? During the Bye Week, that's the question Bills coaches are working to answer: http://bufbills.co/4MAI55 pic.twitter.com/494z3LHl3J";18;80
"What are Shady and the guys up to during their Bye Week break? Check it out: http://bufbills.co/NBGur6 pic.twitter.com/aredaqj2mP";17;56
"Sacks on sacks on sacks. #GoBills Watch the best of 2017 so far!pic.twitter.com/ltCIzDNCUN";41;244
"You need this shirt. #GoBills Get it: http://bufbills.co/7PhiIC pic.twitter.com/ZL1Ir8vdEg";115;557
"Some of the top moments of our 2017 season so far...caught on video! It's the best of Wired for Sound. #GoBillspic.twitter.com/aPjystyKbg";72;258
"Get to know the new guy E.J. Gaines on #FunFactFriday! pic.twitter.com/L9o8wCxbpA";26;121
"Stephen Hauschka is the first kicker in NFL history with multiple 53+ yard field goals in consecutive games. http://bufbills.co/DLiaLa pic.twitter.com/1VyN5F51Z0";134;927
"Buy @MillerLite beer. Get Bills gear! It's that easy. #GoBillspic.twitter.com/VMtPTkA9N9";14;69
"Your child can win the chance to be the Bills Junior GM for the day! Enter: http://bufbills.co/D0ASMi pic.twitter.com/OnXaAG42OE";11;33
""It's all about attitude, energy and life." #GoBills Our defense knows how to force turnovers. Watch the best so far. pic.twitter.com/cS1K8soJu1";67;354
"Shady's on the #10kChase! And now you can show your support. Check out @CutonDime25's new gear and meet the RB: http://bufbills.co/bL7is2 pic.twitter.com/vT8VFD9lja";37;102
"Will our running game take off after the Bye? #GoBills The pieces are in place: http://bufbills.co/oz5WKh pic.twitter.com/NLTk6zMQ5U";22;127
"Join @ECMCBuffalo + the Bills Alumni Foundation for a Community Health Fair on Oct. 16 to kick off #CrucialCatch Week! We'll see you there.pic.twitter.com/gKaqjZtNzC";11;24
"He'll come after your QB and repair your windshield. Lorenzo Alexander went to work with @safelite AutoGlass to surprise a lucky Bills fan!pic.twitter.com/3rvIAd0Ukc";34;176
""Nothing is clinched right now, but Buffalo is better than many expected." 6 things to know at the bye week: http://bufbills.co/7r5h1p pic.twitter.com/SRmb7y7Nxt";63;344
"Tre White leads the NFL with 11 passes defended. Our rookie is making plays: http://bufbills.co/ey8CNY pic.twitter.com/yPO0agvHZz";119;654
"We're all red, white and blue tonight. Good luck tonight, @ussoccer! #OneNationOneTeam #Get3GetThrupic.twitter.com/QAuyIJRh2q";167;806
"He brings the energy. He's been in football since 5th grade. And he was recommended by @gregolsen88. Get to know our TE coach, Rob Boras.pic.twitter.com/zHqyszS5mr";30;122
"Next game: home game. #GoBills  Enter to win club tickets: http://bufbills.co/RxSHPT pic.twitter.com/wmIJGFPsbj";15;63
"Back-to-back weeks as the @BlueRockEnergy Player of the Week. Micah Hyde is on another level! pic.twitter.com/K8InLFVrig";54;293
""You hate to see guys go down, but it was time for me to step up.” @ShareeceWright is ready to be the next man up: http://bufbills.co/rZn6Uz pic.twitter.com/E7FXSZdco0";14;87
"We're looking for the next @FUTP60 Kickoff Kid! Enter your child: http://bufbills.co/9tXlKJ pic.twitter.com/0dCsJICgoF";7;27
"We're heading into the bye week at 3-2. Time to rest, regroup and get back to work. #GoBillspic.twitter.com/aoiX7aycfp";74;422
"Hit stick! @onemangang97 is serving up this #CarubbaCollision.pic.twitter.com/xUnEilRGLg";29;102
"“It’s next man up. That’s what we do. That’s what happens in the NFL." Charles Clay to miss multiple weeks: http://bufbills.co/6C3Ytj pic.twitter.com/SlWUwfnuYp";23;109
"“We’ve won games this season in the 4th quarter which hasn’t always happened. I want our guys to be confident that we can win close games.”pic.twitter.com/tHscMcrjDL";22;184
"McDermott: “Win or lose, one game does not define who we are as a team. We want to be playing our best football in November and December.”pic.twitter.com/VRAa1J3u9C";76;569
"The #IHBillsChallenge is back! Sign up for a chance at a trip to Nashville + a VIP experience with @BlackRiverEnt: http://bufbills.co/Challenge pic.twitter.com/imbw0UkyQO";3;11
"Who should be our @BlueRockEnergy Player of the Week? VOTE: http://bluerockenergy.com/potw/ pic.twitter.com/15hgapk9d9";9;74
""As an offense, we just didn’t get the job today." Bills players react to today's loss: http://bufbills.co/KKFRNd pic.twitter.com/UEce9PhzzM";32;166
"The safeties tacked on more takeaways today. Top 3 things we learned from Bills-Bengals: http://bufbills.co/a7pFmM pic.twitter.com/gMEJFB2ayk";23;195
