text;retweets;favorites
"We've acquired a 2018 6th round draft pick from the Jaguars for DT Marcell Dareus.pic.twitter.com/DSY5btlBQ5";548;1628
"We're going throwback and so is The Bills Store. Get your gear for Sunday: http://bufbills.co/URhzik pic.twitter.com/TX6apMQ7mH";19;133
"Want to win four M&T Club tickets for the New Orleans game, courtesy of @safelite? ENTER: http://bufbills.co/Lqtbpi pic.twitter.com/sb2olBLGOI";10;33
"What's the biggest Bills advantage in Sunday's game? #GoBills That and more in the #OAKvsBUF Scouting Report: http://bufbills.co/whirty pic.twitter.com/Ls6sJ90ruY";14;55
"This very good boy is dressed and ready for Bills Friday! #GoBills Are you? Tweet us using #BillsFriday!pic.twitter.com/Hun3VUo7EN";40;181
"E.J. Gaines and two other Bills are officially OUT for Sunday's game. #OAKvsBUF Full injury report: http://bufbills.co/injuryreport pic.twitter.com/BZqqoshid9";13;39
"The Bills family sends heartfelt condolences to Logan Thomas’ family. More from coach: http://bufbills.co/Z7PNne pic.twitter.com/go7h89eK71";140;749
"On Halloween weekend or any time... Stay safe, Bills fans. Don't drive. Get a ride!pic.twitter.com/tsuwiBIJLZ";10;60
"Coming to #OAKvsBUF? Be sure to pick up your Dunn Tire and Bridgestone Bills magnet at the gates on Sunday! #GoBillspic.twitter.com/X1bYzOnllk";19;117
"He ranks as a top-five rookie cornerback. Tre White's play has been elite: http://bufbills.co/Bc0A4t pic.twitter.com/3pgorqSCSf";32;190
"Two for one birthday special. Happy Birthday to Preston Brown and Colton Schmidt!pic.twitter.com/Rqf61u6fgp";41;335
"McDermott: “Our condolences go to Logan Thomas and his family after the loss of their daughter. We send our love and support to his family.”pic.twitter.com/HjckbdMA91";184;948
"He goes by J Matt and he's engaged to a professional soccer player. We asked our WR 20 questions in What's the Scoop with @perrysicecream!pic.twitter.com/mV8bszLgNr";64;379
"Richie Incognito wanted to see more of his jerseys in the stands. So he went in disguise as a Bills Store employee. It's Going Incognito! pic.twitter.com/q2w7uvgCJk";1261;4642
"Save the date! Eric Wood's third annual Flights and Bites event is set for Monday, November 13. Bills Life: http://bufbills.co/cdTgnu pic.twitter.com/5I2TA7Loo7";13;67
"How crucial are Tyrod Taylor's legs in Bills wins? Pretty crucial: http://bufbills.co/coztBz pic.twitter.com/hd28WRn5vP";108;439
"Enter the VIP Brewing Experience sweeps for a chance win Bills suite tickets and a tour of Southern Tier Brewery! http://bufbills.co/upIw2g pic.twitter.com/VkF68zc4kj";14;42
""You see them moves?" @CutonDime25 mic'd up is must see.pic.twitter.com/Ncy602OFbN";237;741
""Guys on our team have been told they're not good enough, but I want them on my team." New players are stepping up: http://bufbills.co/ZIoUpp pic.twitter.com/X3qCFxE6e5";42;270
"50 cancer survivors. One special pregame. #CrucialCatch #GoBillspic.twitter.com/KmpuJ2DSrl";32;257
"Think your child could be the Buffalo Bills Junior GM for the day? #GoBills ENTER: http://bufbills.co/AuXy5E pic.twitter.com/tUnwRQaqDK";4;44
"Will Shady stay hot? Marshawn is out. Who's injured? Top 7 storylines this week: http://bufbills.co/4M5r7H pic.twitter.com/y1z4I1uOqh";14;141
"The Raiders are coming to town. The throwback uniforms are going on. And we're looking to add another W. #OAKvsBUF #GoBillspic.twitter.com/dafjYtiGnC";117;634
"#DefendOurDirtpic.twitter.com/UQIQxL7qc3";269;853
"We've claimed CB Lafayette Pitts and released CB Tony McRae. Details: http://bufbills.co/LR2EtN pic.twitter.com/JCkkNbHhkm";21;94
"The boys of fall. #GoBillspic.twitter.com/1SiF4WRF8q";155;902
"“People on the outside have doubted us. We hear it and feel it but that just makes us come closer together.” #GoBillspic.twitter.com/8jy6TOivig";66;381
"“We are winning games and we still haven’t played our best ball. This team is playing together and we all want to win.”pic.twitter.com/Celu9ADX4S";128;855
"Win an invitation to the @BudLight Thursday Night VIP party at @NewEraField on November 2! ENTER: http://buffalobills.com/BudLightVIP pic.twitter.com/9gZQMM1S7Y";8;40
"Today’s challenge is to try a new core workout. Join #IHBillsChallenge now if you’re up for the challenge: http://bufbills.co/Challenge pic.twitter.com/Kxk7JO65GF";3;32
""We’ve got to find ways to take the ball away." Our defense knows what they need to do to slow down opposing QBs: http://bufbills.co/usU41P pic.twitter.com/bbBDf5WK6h";10;103
"You got it!";1;36
"McDermott: “Every week someone new is stepping up for us. That’s why the process is important. You have to bring your A game every week.”pic.twitter.com/aPz8LCxaoZ";47;461
"This Sunday, we're throwing it back. #WhoYouWith #GoBillspic.twitter.com/jJqtDEFuKO";637;2109
"He's a teacher. He brings the energy. And he's been in love with football his entire life. Get to know Bob Babich in Life On the Sidelines.pic.twitter.com/ZwQoANHFjf";28;158
"Tickets are limited for our November and December home games! Get yours now: http://bufbills.co/2017Tickets pic.twitter.com/CXcafQEgVm";24;113
"The Week 8 NFL power rankings are in. Spoiler alert: you're going to like where the Bills land. http://bufbills.co/LwHMMT pic.twitter.com/32aKGYKlGy";32;184
"One knowledgeable young Bills fan going through a tough fight got a special opportunity on Sunday! Jack's story: http://bufbills.co/osOhME pic.twitter.com/gWOuTNmJln";26;137
"First big game with the Bills, and Deonte Thompson is your @BlueRockEnergy Player of the Week. You earned it, 10! #GoBillspic.twitter.com/shnKBlci4v";27;215
"On Sunday, we honored Army Specialist Benjamin Stryker, who was overwhelmed as he stood in memory of his fallen comrades and his mother.pic.twitter.com/SvPRWin40D";143;639
"2 TDs. 122 yards. And Shady was mic'd the whole time. Don't miss this Wired for Sound presented by NAPA.pic.twitter.com/0uqOulbRQ7";198;776
"Shaaady! #TouchdownTuesday pic.twitter.com/0E4XKWMZkV";68;353
"10 points in the final two and a half minutes. Sunday's comeback was historic: http://bufbills.co/XcnoSz pic.twitter.com/CLYvOC47rl";27;169
"Want to come to Sunday's game vs. the Raiders? #GoBills Enter for a shot at club tickets: http://bufbills.co/RxSHPT pic.twitter.com/HMTPKOEz84";24;76
"We got the win and defended our turf. #GoBillspic.twitter.com/DBRWwFA0rk";91;532
"Look at that juke #GoBillspic.twitter.com/JJQjo9l99K";367;1148
""He's got a man wide open in the endzone. Logan Thomas. Touchdown!" @JohnMurphyShow makes the @HilbertCollege Call of the Game.pic.twitter.com/ZkhaGqX1Sg";12;70
"You know you're gonna get the call from @DeionSanders when you ball! Primetime catches up with @CutonDime25 after our W over Tampa Bay. pic.twitter.com/gCW24KuFRg";95;405
"We've claimed CB Tony McRae and released WR Kaelin Clay. Details: http://bufbills.co/roUStM pic.twitter.com/4eXynSsH8H";44;132
"Are you digging @CutonDime25's return to the endzone as much as we are? Yeah, we know that answer. #GoBillspic.twitter.com/fHjvdoNMpO";12;87
"Hit stick. Leonard Johnson with the #CarubbaCollision!pic.twitter.com/mv6CE8mstc";21;83
"Shady in the endzone. And guess what? He was mic'd all game. Stay tuned for much more from 25 tomorrow!pic.twitter.com/ndyU4RPoey";35;219
"4-2. #VictoryMonday #GoBillspic.twitter.com/bv6gQJnfMp";328;1192
"When the Bills win, you win! Treat yourself with free shipping: http://bufbills.co/wa60jd pic.twitter.com/N89glfxmIt";7;64
"McDermott: “All along we’ve said we are building a team. We’re not tanking. Our locker room has embraced that mentality.” #GoBillspic.twitter.com/0KsUqj1bLK";27;215
"McDermott: “I can’t tell you how much we appreciate our fans. This is a tough place for opponents to come in and play.” #GoBillspic.twitter.com/gw72BRUyxv";56;460
"McDermott: “This team plays with a lot of heart. Our guys are playing extremely hard for each other and unified in everything they do.”pic.twitter.com/Q4M0eMHfDX";25;227
"LeSean McCoy. #10kChase. ACTIVATED. #GoBillspic.twitter.com/Rdo6tev6p3";115;569
"12 straight kicks from 50+ yards. Hauschka is : http://bufbills.co/dIjB97 pic.twitter.com/jw66FpPtfJ";36;272
"Happy #VictoryMonday! Who's our @BlueRockEnergy Player of the Week? VOTE: http://bluerockenergy.com/potw pic.twitter.com/MFJJmaq9kj";24;145
"Waking up with the W! #VictoryMonday #GoBillspic.twitter.com/b6eWebdxKO";163;734
"We scored two TDs, so you score a free donut with a coffee purchase, thanks to @TimHortonsUS in Buffalo & Rochester! See image for rules.pic.twitter.com/CuaXme64tX";20;127
"What a day. Watch your Bills take @NewEraField in this 360 video! #GoBillspic.twitter.com/Y00Ym2Qs2d";51;267
"Shady's back. 3 things we learned from #TBvsBUF: http://bufbills.co/9pnawb pic.twitter.com/XCEfBeXixO";22;199
"If you didn't know Deonte Thompson then...you know him now! #TBvsBUF #GoBillspic.twitter.com/0tihV4MAFR";119;595
"“We have a real team. Everyone came together and rallied." Bills players react to third straight home win: http://bufbills.co/NSNdsL pic.twitter.com/kZS7o5uGK9";42;312
"Thanks for stopping by, Coach! #OneBuffalo";9;67
"Same. #GoBills";3;3
"https://twitter.com/PB_Number2/status/922238328413544451 …";299;2009
"DeSean. LeSean. Former teammates after the game! #TBvsBUF #GoBillspic.twitter.com/ygvSwyCESS";195;1289
"WARNING: Coach McDermott and Kyle Williams are about to make you love this team more than you already do. #GoBillspic.twitter.com/zPprqxAcfr";2364;5799
"The fumble recovery that sealed the deal! #TBvsBUF #GoBillspic.twitter.com/DRDo0xDmZp";133;555
"Mood. #GoBillspic.twitter.com/OgEyGvT202";184;567
"The longest eight seconds ever. #GoBillshttps://twitter.com/NFL/status/922193774716977152 …";243;1034
"There's only one way to celebrate your first TD as a Bill. #GoBillspic.twitter.com/G8H1GqNcVG";32;292
"4-2. #GoBills Top game photos: http://bufbills.co/sPKm3t pic.twitter.com/hAVqHverIN";104;484
"Home turf defended. #GoBillspic.twitter.com/lWK7fixJ6G";156;1152
"Taylor: “It wasn’t a picture perfect game but we battled and stuck together to get the win.” #TBvsBUFpic.twitter.com/Ldq6XmAYdS";59;500
"McCoy: “We have a real team. Everyone came together and rallied. They picked me up after the fumble and I’m happy we got the win.” #TBvsBUFpic.twitter.com/c3GPoL3oMw";99;896
"McDermott: “Playing here is like heaven for a home team. Our fans have tons of pride in this team. We play hard for a city that works hard.”pic.twitter.com/vx8Hr6jDFO";328;1516
"McDermott: “There’s a lot of heart on this football team. This win personifies the city of Buffalo. Blue collar and passionate.” #TBvsBUFpic.twitter.com/5C1nxqZFoZ";169;782
"W. #GoBillspic.twitter.com/iQ8hO09umI";340;1227
"Comeback complete. BILLS WIN!!! #TBvsBUF Highlights: http://bufbills.co/Highlights2017 pic.twitter.com/tBtDqjm0yS";1471;2589
"Nailed it. #TBvsBUF #GoBillspic.twitter.com/ScekY5mnnh";250;1089
"Taiwan Jones gets the first! #TBvsBUF #GoBills";30;255
"Right down the middle. #TBvsBUF #GoBillspic.twitter.com/26YoYRbpdg";82;269
"Tre White recovers the Bucs fumble! BILLS BALL!!! #TBvsBUF #GoBillspic.twitter.com/Xbnof2Tzck";143;468
"TIE GAME!!! #TBvsBUF #GoBillspic.twitter.com/OmXZwROb1I";131;430
"Deonte Thompson, you can stay. #TBvsBUF #GoBills";109;608
"Mike Evans snags the TD. 27-20 Bucs | 3:14 4Q #TBvsBUF";15;66
"McCoy fumbles and the Bucs recover. 20-20 | 9:30 4Q #TBvsBUF";15;34
"O.J. Howard makes the 33 yard TD catch. #TBvsBUF 20-20 | 10:08 4Q";13;38
"Hauschka's 52-yard field goal is GOOD! #Madden18 #GoBillspic.twitter.com/Cw6gUW737A";38;253
"Let's finish this. #TBvsBUFpic.twitter.com/RrvFJBWrYi";43;205
"O.J. Howard makes the grab and takes it in for the score. #TBvsBUF 17-13 Bills | 7:11 3Q";16;52
"The touchdown...and the leap! #TBvsBUF #GoBillspic.twitter.com/50lfCq6SE6";249;897
"For the first time as a Bill... Logan Thomas finds the endzone!!! #TBvsBUF #GoBillspic.twitter.com/aEBhYqFYvH";211;795
"Chosen by our players, we honored the Veterans One-stop center of WNY as today's @One_Buffalo Organization of the Game! #GoBillspic.twitter.com/5ooiiCXwQt";12;75
"Fifty incredible cancer survivors of all ages welcomed our Bills onto the field today! #CrucialCatchpic.twitter.com/zTuD8DRNI3";47;326
"We're up at the half. #TBvsBUF #GoBills Highlights: http://bufbills.co/Highlights2017 pic.twitter.com/UxR9mAezYH";51;172
"Matt Milano gets his first NFL INT! #TBvsBUFpic.twitter.com/el4FMWFNTE";58;206
"Hauschka's FG is no good. #TBvsBUF 10-6 Bills | 4:07 2Q";17;62
"Bills defense, coming in HOT! #TBvsBUF #GoBillspic.twitter.com/2ySA1pqKBm";91;271
"Sack. Fumble. BILLS BALL! #TBvsBUF #GoBillspic.twitter.com/bNlm1mRShq";112;285
"#RICHIESPIKEpic.twitter.com/JE5dBQR0WM";165;656
"25. Right where he belongs... THE ENDZONE! #TBvsBUF #GoBillspic.twitter.com/wONd2VOLPk";114;342
"Welcome back to the endzone, @CutonDime25! #TBvsBUF #GoBillspic.twitter.com/wEZ0NCMItV";175;453
"First quarter is in the books. #TBvsBUF #GoBillspic.twitter.com/9Vwjniw4di";15;51
"Not on Jordan Poyer's watch. #TBvsBUF #GoBillspic.twitter.com/DNx9XYGyFT";70;333
"Bills D keeps Tampa Bay out of the endzone. Patrick Murray's kick is good. #TBvsBUF 6-3 Bucs | 0:22 1Q";8;52
"Congrats, PB! #GoBillshttps://twitter.com/BuffaloBillsPR/status/922153036692230144 …";15;101
"All tied up! #TBvsBUF 3-3 | 5:45 1Qpic.twitter.com/oTko80sKOo";46;149
"Hi, Ty. #GoBills";27;156
"You're the best, Summer! #GoBills";1;4
"Welcome back, @jmattjmattjmatt. #GoBills";26;117
"Patrick Murray hits a 50 yard FG. #TBvsBUF 3-0 Bucs | 9:44 1Q";12;35
"Time to circle the wagons. #TBvsBUF #GoBillspic.twitter.com/LzeIrJY7ro";66;187
"Let’s gooooo! #TBvsBUF #GoBillspic.twitter.com/AYXdSEq4xM";70;256
"Retweet if you think this guy finds the end zone today. #TBvsBUF #GoBillspic.twitter.com/goxuTpcwNu";643;843
"Time to defend home field. #TBvsBUF #GoBillspic.twitter.com/rgSEUUop9W";69;298
"Lock it in. #TBvsBUF #GoBillspic.twitter.com/5iAfWHhxwB";62;345
"#GoBills";1;10
"Today's Bills inactives. #TBvsBUF WR Jordan Matthews is active. #GoBillspic.twitter.com/IEY3KkMstD";47;89
"Who is today's @BENRUSusa Best Dressed? You decide!";3;8
"Suited. Booted. And ready to roll. #TBvsBUF #GoBillspic.twitter.com/9eltAezHtW";11;90
"25 is ready for work. #TBvsBUF #GoBillspic.twitter.com/aP2NBzHclO";102;599
"If you were in the Camper Lot this morning, you just might have gotten a visit from Head Coach Sean McDermott. He's the man. #GoBillspic.twitter.com/sgzcTN1yUk";140;735
"Guess who will have today's #CarubbaCollision! (Or just retweet and you could win tickets.) #CarubbaGiveaway http://bufbills.co/Carubba pic.twitter.com/SEY4JdUhJy";118;36
"Is he the man or what?? #GoBills";1;0
"Thanks for coming all the way from Austin, TX! #GoBills";0;0
"There's nothing better than game day at New Era Field. #WinFromWithin #GoBillspic.twitter.com/EIiC4MfFQO";79;319
"We sure do. Stop by The Bills Store to get yours!";0;0
"We missed you more. #GoBills";0;0
"You know what time it is. Whether you're tailgating​, watching from home, or with us around the world, let's see that #BillsSelfie today!pic.twitter.com/N2djw7lwPZ";6;92
"IT'S GAME DAY!! #TBvsBUF Let's beat the Bucs. #GoBillspic.twitter.com/8SBwnRA867";216;497
"Congratulations to our owner @KimPegula, honored tonight at the Council of Korean Americans National Summit & Gala! http://bufbills.co/lMGVx8 pic.twitter.com/xSEb7lyZUi";32;308
"Bring on the Bucs! #GoBills Media make their predictions on tomorrow's game: http://bufbills.co/YK9TZp pic.twitter.com/wjskxRBg1m";15;85
