text;retweets;favorites
"Will Kelvin Benjamin suit up for Thursday Night Football? Top 5 things to know about the trade: http://bufbills.co/DBvvK2 pic.twitter.com/6NleKopy8g";52;361
"From your old friends and your new friends... Welcome to Buffalo, @kelvinbenjamin! #GoBillspic.twitter.com/NwTA5Mv5cM";182;1046
"GM Brandon Beane: “Kelvin Benjamin is a fierce competitor. He’s a blue collar kid that will fit this town and team very well.” #GoBillspic.twitter.com/OoWVX0fFBS";81;519
"GM Brandon Beane: “You’re always looking to make moves that help you win today and tomorrow. I think this move answers both those points.”pic.twitter.com/D5MM9tsyTY";104;681
"GM Brandon Beane is live NOW on Bills Facebook, the Bills Mobile App, and http://buffalobills.com  on the Kelvin Benjamin trade. Tune in!pic.twitter.com/NztxrEDELc";8;34
"What goes up, @kelvinbenjamin brings down. #GoBillspic.twitter.com/Hk1VwYPdEU";128;530
"#RespectTheProcesshttps://twitter.com/StephenCurry30/status/925468314582708224 …";380;1433
"This tweet aged well. #GoBillshttps://twitter.com/buffalobills/status/862086628919173121 …";1634;5857
"Give a warm Buffalo welcome to your newest wide receiver, Kelvin Benjamin. We think you might have heard of him. #GoBillspic.twitter.com/lWSGXTmU6W";856;2845
"Brandon. Beane. #RespectTheProcess #GoBillspic.twitter.com/TEqUt1fJz8";425;1283
"MOOD. #GoBillspic.twitter.com/BoTPAIRWRl";1377;4057
"TRADE ALERT We've agreed to acquire WR Kelvin Benjamin from the Panthers for our 2018 3rd and 7th round picks. #GoBillspic.twitter.com/wXqy4Ukr9b";2071;4635
"We see what you did there, @gmfb. We're just not sure about that hairstyle for Coach McDermott. pic.twitter.com/cxWc9Qz1Xr";67;275
"13, 8 and 6? Okaaay. #GoBillshttps://twitter.com/NFL/status/925377740542435328 …";178;772
"It was a dark and stormy night... When the Bills Toyota Rookie Club took local students to Frightworld, and had a fright themselves!pic.twitter.com/lG7RRvrxyB";22;134
"pic.twitter.com/PQfIxok38z";1;12
"There's nobody more deserving of this week's game ball and @BlueRockEnergy Player of the Week. Thanks for voting Logan Thomas, Bills fans!pic.twitter.com/JR0gfd8k58";55;441
"“Night games always have a different feeling. We’re excited to play on TNF because you know everyone will be watching.” #GoBillspic.twitter.com/f0qzPL1Xsi";91;782
"One retweet by you gets LeSean McCoy a @FedEx #AirandGround vote. You know what to do: http://bufbills.co/gH5uXY pic.twitter.com/cVll4n0FwG";1046;292
"“People keep asking if this team is for real and we keep winning. This team doesn’t care about outside opinions, we just want to win.”pic.twitter.com/vtl34s0JGu";198;1127
"[insert Buffalo weather joke here] @newerafield #GoBillspic.twitter.com/TRnyR5TZKO";236;787
"#Humblepic.twitter.com/gcjXUk8sR6";120;846
"McDermott: “I watched Tyrod put in work during the offseason around the clock. Seeing how he approaches the game says a lot about him.”pic.twitter.com/BbX8YOsE63";50;412
"We'll put a spell on you... Happy Halloween from the Buffalo Bills! pic.twitter.com/kIDQbJoMfA";119;520
"This week, we're going to white out Thursday night! #WhoYouWith #ColorRush #GoBillspic.twitter.com/LOCy3Jbp7i";348;1398
"We're undefeated at home, and we want you at our next game! #GoBills Enter for a chance at club tickets: http://bufbills.co/RxSHPT pic.twitter.com/3WDGJVFRWS";21;140
"Respect the process. #GoBills More from Coach McDermott today: http://bufbills.co/iyF8OZ pic.twitter.com/GFsdVlzjkC";62;460
"Handshake goals. pic.twitter.com/oHGqabCj4H";84;446
"Officer Craig Lehner was a hero to Buffalo, and as a small token of our gratitude, we gave his family a little something in his memory.pic.twitter.com/KDZxiWr0cz";378;1441
"“Nothing phases us. We have heart and guys believe in each other." The 2017 Bills will fight until the end: http://bufbills.co/bWWyPt pic.twitter.com/Ol5x5b5GOO";29;267
""Andre Holmes makes the diving catch. TOUCHDOWN BUFFALO!" @JohnMurphyShow makes the @HilbertCollege Call of the Game.pic.twitter.com/JUK9wwx2bu";13;119
"Shady had a day. The defense dominated. And we defended our dirt. #GoBillspic.twitter.com/Fzqmktwxux";97;699
"LeSean McCoy had his best performance of 2017, with 151 rushing yards and a TD! #GoBills #ShouldersofGreatness @HeadShoulderspic.twitter.com/iduMPnfX7L";22;261
"Heads up. Jerry Hughes is coming through with a #CarubbaCollision! pic.twitter.com/MtuVXSp1Od";31;132
"Just Shady being Shady! #GoBills pic.twitter.com/4cs62f3WtV";29;181
"McDermott: “I went to the RV Lot after the game. It was amazing to see how many people were still there. It’s a great environment.” #GoBillspic.twitter.com/VMy0GohYL8";94;841
"McDermott: “No one gets trophies for being 5-2. I’m proud of our team because they’ve worked for everything and I’m fired up for our fans.”pic.twitter.com/0xincy5UWZ";171;1176
"McDermott: “Watching our sideline yesterday gave me chills. I don’t know if I’ve ever seen a team come together like that.” #GoBillspic.twitter.com/E98nuRR5Sp";85;633
"Treat yourself after yesterday's win! Free shipping: http://bufbills.co/Z0wjeV pic.twitter.com/L5FV0hIGux";6;80
"Our sideline was lit. #GoBillspic.twitter.com/E1OzS0Q5Wt";525;1781
"This Bills fan doing her post-win ritual is the greatest thing we've seen today. #GoBills (Video: @KateMcGowan)pic.twitter.com/lv8i0fd90y";1330;4185
""Home games are important to us and we want to defend our dirt.” We're off to our best start at home since 1995: http://bufbills.co/P5rsgZ pic.twitter.com/2MEbHSbWJx";45;271
""I don't know these Bills, but I like them." The @gmfb crew breaks down our 5-2 start. #GoBillspic.twitter.com/SppEcrs9og";599;1457
". @BlueRockEnergy nominated Logan Thomas for playing in Sunday's game after all that he went through last week.";18;215
"Who led the way to our big win as the BlueRock Player of the Week? #GoBills Cast your vote: https://bluerockenergy.com/potw/ pic.twitter.com/vDCRDM6X5P";19;159
"27 carries 151 yards 1 TD @CutonDime25 told @DeionSanders he was going to ball and he did. pic.twitter.com/LSBIf3bepD";190;811
"It's all good @Nate13Burleson, we forgive you. https://twitter.com/gmfb/status/924965677168975872 …";238;1392
"The best kind of Monday is a #VictoryMonday! pic.twitter.com/4wIsZyfnu0";652;1992
"We scored two TDs, so you score a free donut with a coffee purchase, thanks to @TimHortonsUS in Buffalo & Rochester! See image for rules.pic.twitter.com/IUdmws1kQ8";30;182
"Your Buffalo Bills are on a roll.pic.twitter.com/9bvnEZoObd";674;2677
""We have heart. We'll fight until the end and it’s hard to beat a team like that." Our guys react to being 5-2: http://bufbills.co/5Huh2e pic.twitter.com/fq7GPOilMw";97;596
