text;retweets;favorites
"Everything you need to know from our last day of practice before we for #DENvsOAK. #BroncosIn60http://j.mp/2zBlxJS ";28;152
"Home for the holidays? Submit your best #BroncosFamily 's » http://dbron.co/family pic.twitter.com/p0S2YwSUye";18;103
"It's a family tradition. : hilly_kluge #OrangeFriday | #BornInBroncosCountrypic.twitter.com/ZHmbjuIW3x";20;195
"to work. #DENvsOAK 's » http://j.mp/2A4t8jN pic.twitter.com/XIBOKOHroy";27;152
"#BroncosCountry LIVE: @vonmillerhttps://www.pscp.tv/w/bOcZXTEwMjQzODB8MU9kS3JBWWJ3V1B4WHYX2VuBoCOhPI5Ye_7PWTYWXuiypf1jyEd35pAHJ7ng …";32;115
"#BroncosCountry LIVE: STC Brock Olivohttps://www.pscp.tv/w/bOcXODEwMjQzODB8MWVhS2JxWEx5T3J4WDO2YsZ5JSzI1v-ndcGlSxQawPvAxpme2JNPp1kJPQLT …";17;54
"#BroncosCountry LIVE: Coach Joseph gives the final injury report before #DENvsOAKhttps://www.pscp.tv/w/bOcWJDEwMjQzODB8MVlxSkRMRGJtTGFKVkSaNbLfORbX4bPxKFuhR8BV8Zxn5eU91_aCGRqfOHRG …";16;71
"That looks like the @AqibTalib21 we know.https://twitter.com/OrangeBowl/status/934086819850981377 …";47;313
""I always told my mom that if I was to ever make it to be in a position to give back to the community, then I wanted to do it." - @StingRay56 #MyCauseMyCleatspic.twitter.com/4gvkksMFIR";40;268
"Forget #BlackFriday — it's #OrangeFriday! Submit your 's » http://j.mp/2iNEVJs pic.twitter.com/uTonpCb66h";53;310
". @MGarcia_76 signed up for Tuesday's @DenverPolice ride-along with an open mind. What he experienced, however, left him with "a new level of appreciation." » http://j.mp/2BhHmeT pic.twitter.com/PO4FAPIoXa";32;144
"Apple pie ... Cherry pie ... Pumpkin pie ... Pecan Pie pic.twitter.com/CazvXfk6ka";62;517
"The holiday season hasn't always been DE Zach Kerr's favorite time of year. But he's got more to be thankful for in 2017. » http://j.mp/2B5RVk8 pic.twitter.com/j1v9NJKEts";33;208
"Always thankful for @VonMiller.https://twitter.com/PFF/status/933761071399227392 …";207;1129
"When it's finally time to eat pic.twitter.com/fn7HtRzmhq";76;433
"We caught @BigLeary65 on the way to his #Thanksgiving meal for this edition of #TheOutRoutehttp://j.mp/2iJ8dc4 ";22;97
"Coach Joseph addressed the media following our #Thanksgiving practice.http://snpy.tv/2hL4SbI ";14;92
"Working for the #Thanksgiving practice 's » http://j.mp/2hNn8kw pic.twitter.com/DaX3MGTq0B";24;171
"Thankful for mornings like this one here in #BroncosCountry!pic.twitter.com/ShGOQJK7iE";40;266
"One thing we're always thankful for is you, #BroncosCountry. #HappyThanksgiving!pic.twitter.com/P0NH42g4V4";296;1439
""I take it as an opportunity to go out there and show that you can be the guy." - @PaxtonLynch #BroncosIn60http://j.mp/2B4tEes ";46;250
"QB @PaxtonLynch played in three games as a rookie. But this time's different. He's got experience on his side. » http://j.mp/2AoJVOX pic.twitter.com/FxHuk1JykD";48;310
""It opens your eyes up and gives you another look at what somebody else goes through." - @BMarshh54 on his ride-along with @DenverPolicehttp://j.mp/2zrGCXf ";56;329
"They’re currently being posted in full at http://denverbroncos.com . Sorry about the Periscope issues today!";2;2
"It's Raiders Week. 's » http://dbron.co/d2o  #BeatTheRaiderspic.twitter.com/pps4Z6a98d";35;238
"#BroncosCountry LIVE: @PaxtonLynch addresses the media. : http://buff.ly/2zupIqQ ";12;55
"DC Joe Woods is now at the podium.https://twitter.com/broncos/status/933441711925207040 …";10;42
"Periscope is currently having some technical issues with live streams.";1;2
"OC Bill Musgrave is now at the podium. : http://buff.ly/2zupIqQ https://twitter.com/broncos/status/933439864464437249 …";9;51
"Coach Joseph is addressing the media now. https://buff.ly/2zupIqQ ";9;49
". @jsimms1119's late INT sealed the win the last time we #BeatTheRaiders. Can he do it again this week? 's » https://buff.ly/2A4Xq3e pic.twitter.com/JEc8QisPZA";38;199
"Who wants to see @ESanders_10 at the Pro Bowl this January? #ProBowlVote him to Orlando http://j.mp/2iGK1ao pic.twitter.com/7zncNjaEbm";31;162
"Vance Joseph has named QB Paxton Lynch the starter for Sunday. » http://j.mp/2B3Rh6H pic.twitter.com/98TPcH7kOo";445;1410
"From a 12-year @NFL career to a career as an entrepreneur, former DT Justin Bannan is experiencing a new level of success.https://www.youtube.com/watch?v=vum5LKICA0g …";16;89
"#BornInBroncosCountryhttps://twitter.com/jocko_vt/status/933107343012876293 …";12;112
"Go behind the scenes with @CodyLatimer14, @BMarshh54 and @MGarcia_76 on their ride-along with @DenverPolice. 's » http://j.mp/2B0NmaX pic.twitter.com/1ADgHKkraN";21;119
"RT to congratulate @SteveAtwater27, @KarlMecklenburg, @JohnLynch49ers and @BrianDawkins on being named among the 27 semifinalists for the 2018 @ProFootballHOF class! » http://j.mp/2AoDGKY pic.twitter.com/VcCLPXn8f1";314;602
"It's no secret @jsimms1119 and @PhillyWill11 are best buds. And this 'd up only adds further proof.http://j.mp/2zbhzDD ";59;316
"How did some of our players spend their off day? Distributing 3,000 #Thanksgiving turkey dinners with @denverrescue. #BeAChampionhttp://j.mp/2zXHeU4 ";29;132
"#BroncosCountry — want to win two free 's to #NYJvsDEN? Download our revamped #OrangeHerd app http://j.mp/2AiXoI1 pic.twitter.com/tW0AlcczOS";12;46
"@PhillyWill11https://twitter.com/BroncosOffField/status/933016608628391936 …";12;108
"Pres./CEO Joe Ellis joined @DenverPolice Chief Robert White in welcoming @BMarshh54, @CodyLatimer14 and @MGarcia_76 before they begin their ride-a-long.pic.twitter.com/6jmANI9RGe";35;158
"'Tis the season of giving, so we're teaming up with @denverescue to make sure all of #BroncosCountry enjoys a nice Thanksgiving dinner. #BeAChampionpic.twitter.com/wZkFK6RzHP";29;208
""Goooooooood morning! Happy Thanksgiving!" #BeAChampionpic.twitter.com/MnZC2YRhKe";51;380
"We're getting in the Thanksgiving spirit a couple days early here in #BroncosCountry! #BeAChampionhttps://twitter.com/BroncosOffField/status/933010822908932097 …";22;138
"Our 10th annual 'After Thanksgiving Sale' is THIS Friday! You don't want to miss this one, #BroncosCountry. » http://j.mp/2mMOxbG pic.twitter.com/6V11kVBLGM";16;94
""It's up to us to do our job individually to make sure [Interim OC Bill Musgrave] is successful." - @cjandersonb22 #BroncosIn60http://snpy.tv/2zSG8bZ ";30;110
"In his first @NFL start, TE @AustinPowers_86 recorded four catches for 36 yards — the third most by a #Broncos TE in the last two seasons. Next-Day » http://j.mp/2zUjlgg pic.twitter.com/zHC0VI4lOn";46;242
"It took far too long for @Terrell_Davis to get what he so rightfully deserved. But now, he's forever golden. » http://j.mp/2B6JjKW pic.twitter.com/7FXIdHjCMo";30;236
"#BroncosCountry sunsets https://twitter.com/O_skii/status/932758347606036482 …";41;343
"#TDSalutepic.twitter.com/XOD8kUUkxh";72;490
"Wonder what it's like to parachute into @SportsAuthField? Let Thunderstorm take you for a ride. via @CBSThisMorning » http://j.mp/2mLHzno pic.twitter.com/0NtI3c2awK";13;93
"We can always count on you, LaKeeta!";1;3
"Another #BroncosROF weekend in the books. 's » http://j.mp/2zV066a pic.twitter.com/m2aFQZ39jK";18;133
"#BroncosCountry LIVE: Coach Joseph addresses the media.https://www.pscp.tv/w/bOHiFTEwMjQzODB8MXluSk9velh6eVZKUjSyl9XBoqu1sSwnPAJzyINjWBkBrbSY35VdD7dZheQe …";65;137
"Coach Joseph has parted ways with OC Mike McCoy and named Bill Musgrave offensive coordinator. » http://j.mp/2zlRjKM pic.twitter.com/oT4uzQhrxh";264;749
""I couldn't have asked for a better city, a better team, a better fan base to make [this] all possible." - @Terrell_Davis #TDSalutehttp://j.mp/2zWinxz ";70;451
"We've said it before, but again turnovers proved too costly to overcome. "Every game, man, it's the same way we lose."http://j.mp/2zW2KWM ";45;256
"Good night, #BroncosCountry.pic.twitter.com/qKYotRHV7M";131;1131
"No. 32. Welcome to the #BroncosROF, Coach.http://j.mp/2mIWZsD ";37;241
"Top performers Defining stat Game-changing moment Memorable highlight #Cover4 » http://j.mp/2AcIWkQ pic.twitter.com/g4XZejjrMb";11;99
"#BroncosCountry LIVE: Von Millerhttps://www.pscp.tv/w/bODRDjEwMjQzODB8MVJEeGxua0V6d2pHTIRhBdhPbPNInoxwFiukzmNINL2ZQA1DLodam2bVQibO …";35;139
"#BroncosCountry LIVE: Brock Osweilerhttps://www.pscp.tv/w/bODODTEwMjQzODB8MWt2S3BrcHJicGt4RYenGLKdLYTIpEXZXIqRQCD7drWecKW8uisgXPAUvww9 …";33;127
"#BroncosCountry LIVE: Coach Josephhttps://www.pscp.tv/w/bODLJjEwMjQzODB8MURYR3lFbG1EdnlHTdZHmswyUuTgtzLygNsBH9Dxm5i_zjGxeYtJZtnEyHW8 …";56;127
"Final. #CINvsDEN » http://dbron.co/db pic.twitter.com/LkSzaz2QKQ";47;120
"";1010;2532
"Our ball. 1:49 remaining. Down three. Let's do this! #CINvsDEN";27;132
"We need you, #BroncosCountry!pic.twitter.com/ebRVKvW9s9";51;269
"With this TD, @DemaryiusT tied @ShannonSharpe for the second most career TDs in franchise history (55). #BeatTheBengalspic.twitter.com/eSNMhmaQR6";118;420
"DEE TEE!! #CINvsDENpic.twitter.com/gSGlA5f9gt";106;311
"Keep moving those chains, @DemaryiusT. #CINvsDENpic.twitter.com/C2Z0bpbHBU";30;196
