text;retweets;favorites
"Wheels up #BeatTheDolphinspic.twitter.com/LwWf96xUWQ";32;231
"We're going to Miami #BeatTheDolphinspic.twitter.com/axmUv1xNYf";49;327
". @domatapeko's 123-game starting streak will come to an end Sunday. It was the longest active streak by a defensive lineman in the @NFL. » http://j.mp/2iz0kZY pic.twitter.com/4uJ0pkACSE";42;195
"We've put the work in. Now it's time to #DENvsMIA 's » http://j.mp/2ivKEXr pic.twitter.com/SJ6byvoowy";17;154
"We've promoted CB Marcus Rios to the active roster from the practice squad. » http://j.mp/2iyFNot pic.twitter.com/Wx2Pm7Ju2p";95;352
"You've seen the end result. Now it's time to take a look at how our #MyCauseMyCleats came together. » http://j.mp/2Az0yao pic.twitter.com/a7JMfHnT3u";15;96
"Happy #OrangeFriday, #BroncosCountry! Show us how you're celebrating http://dbron.co/orangefriday  https://twitter.com/AdrienneRenee77/status/936627346362089472 …";12;90
"Whose #MyCauseMyCleats is your favorite, #BroncosCountry? 's » http://dbron.co/d4l pic.twitter.com/gCD5wpBWJT";42;188
". @PhillyWill11: Up high! @jsimms1119: Nah, in the middle.pic.twitter.com/p2conDImjF";43;216
". @VonMiller still leads all OLBs in Pro Bowl voting. #BroncosCountry — let's keep it that way! #ProBowlVote http://j.mp/2AsvTLS pic.twitter.com/cYwNn527Re";72;346
". @TrevorSiemian didn't design his #MyCauseMyCleats. He left that up to his buddy, Christian, from @ChildrensColo.pic.twitter.com/kaG9F313xG";117;496
"The more the merrier. @VonMiller will be supporting both @VonsVision58 & Lupus awareness with two separate #MyCauseMyCleats designs. the rest » http://j.mp/2in2Ja2 pic.twitter.com/W0ZTy0ILif";97;407
"Eyes on Sunday. #BeatTheDolphinspic.twitter.com/hMsVhFNL23";49;340
"Fresh from some new #MyCauseMyCleats! the rest » http://dbron.co/d42 pic.twitter.com/1dJTorynGl";35;170
"The last time we played the #Dolphins in Miami, not only did we come back to win, but rookie @VonMiller recorded his sixth sack in six games. 's » http://j.mp/2ilepKv pic.twitter.com/sjpX4UYaPm";58;448
"From undrafted to three-time Pro Bowler. #BroncosCountry, let's make it for @ChrisHarrisJr! Submit your #ProBowlVote http://j.mp/2nhkmtI pic.twitter.com/qUgPrS6Oac";84;402
"The @NFL informed us that CB Aqib Talib's suspension has been reduced to one game. » http://j.mp/EW7Y1h pic.twitter.com/nYzAgyvFmo";178;939
"Our #MyCauseMyCleats reveal is the gift that keeps on giving! #GivingTuesdaypic.twitter.com/HOMQAcQlNe";63;317
"#BroncosCountry, let's get @VonMiller to Orlando! Submit your #ProBowlVote here http://j.mp/2iYFNes pic.twitter.com/eJRDOuZScg";64;319
"We're headed to Miami. #BeatTheDolphinspic.twitter.com/FoPHEXJB6F";38;237
"Final injury report for #DENvsMIA: • OUT: Derek Wolfe (neck), Domata Peko (knee), Ron Leary (back), Paxton Lynch (ankle) • QUESTIONABLE: Jeff Heuerman (knee), Shane Ray (illness), Todd Davis (illness), DeMarcus Walker (illness)";31;95
"#BroncosCountry LIVE: STC Brock Olivohttps://www.pscp.tv/w/bPBMODEwMjQzODB8MU9kSnJBZVlMblFHWLHCYKRpXEuM8QoEcyTd0FVZ0WdNikMDCNHRqJF29GeR …";16;55
"#BroncosCountry LIVE: Coach Joseph gives the final injury report before #DENvsMIAhttps://www.pscp.tv/w/bPBLHjEwMjQzODB8MU1ueG5ncm5YQnlLT0RNPBYghvU6KW0FtPmd3u4h_SWX2x-h35Ki7RqRo4mv …";17;65
"Congrats, E! https://twitter.com/BroncosOffField/status/936633543094034432 …";22;144
"#BroncosCountry — let's get these guys to Orlando! Submit your #ProBowlVote http://j.mp/2Atisex pic.twitter.com/z1kytefKdX";29;260
"Rock on, @CodyLatimer14 #DENvsMIA 's » http://dbron.co/d4b pic.twitter.com/HkGHu22t7q";15;132
"Cleat game: Awareness level: #MyCauseMyCleats » http://dbron.co/d4l pic.twitter.com/nK10b8ICL1";30;148
"We caught @AustinPowers_86 on his way out of work on this week’s edition of #TheOutRoutehttps://www.pscp.tv/w/bO9BojEwMjQzODB8MU95S0FkQXpkbUx4YpxoQTwHq2KAyYe7whZsBaOGaYdWMcTZ_mkOY3wuNmkL …";37;108
"#BroncosCountry LIVE: @vonmillerhttps://www.pscp.tv/w/bO8f7DEwMjQzODB8MWpNSmdkWnpEend4TOVmhgl_3goh2IL20sdLd-u5aeWOaDFZmRm-7SBkdYFf …";24;107
"#BroncosCountry LIVE: DC Joe Woodshttps://www.pscp.tv/w/bO8XGzEwMjQzODB8MXlvS01NcVFRb1lLUTB-mW5ZdlPPSeEZk8pOF9XvuNDaeKQDf44bZA06Vd8A …";15;48
"Last week, @cjandersonb22 flew to Oakland early to attend the funeral of his former coach, DB Guru Tony Perry. Though "T.P.'s" gone, his lessons will never be forgotten. » http://j.mp/2ipPWDL pic.twitter.com/f2TvEDVZGt";35;186
"Yes, the 's are But the causes behind them are what it's all about. #MyCauseMyCleats » http://dbron.co/cvv pic.twitter.com/E5Ptmf02P3";20;112
"#BroncosCountry submit your #ProBowlVote http://j.mp/2AovBWA https://twitter.com/NFL/status/936041859692093442 …";59;219
"All of the above.https://twitter.com/NFLFilms/status/935981084281659392 …";148;435
"#Dolphins HC Adam Gase with strong support for Coach Joseph. » http://j.mp/2imMIRC pic.twitter.com/NLE1RiGUAm";19;85
"for the 's? Submit your #BroncosFamilyChallenge 's http://j.mp/2iieYER pic.twitter.com/Op5z1ybA5K";10;70
"#BroncosCountry — check this out! https://twitter.com/BMarshh54/status/935699133947629568 …";25;123
"We're giving away 2 free 's to #NYJvsDEN! All you have to do: Download the revamped #OrangeHerd app! » http://j.mp/2iZwZEP pic.twitter.com/pOisajptOU";14;94
"Got an idea for a new @Twitter handle, @MOOCHIE048. "Strip-Sack Shaq" 's » http://dbron.co/d44 pic.twitter.com/xMPxELbgqd";30;176
""I like to put the weight on my shoulders." - @VonMiller #BroncosIn60http://j.mp/2isgHro ";33;271
""My guy, Travis Ragland — look what you created, bud!" - @VGreen85 #MyCauseMyCleats | #FUTP60http://j.mp/2is2Ykh ";17;95
"#BroncosCountry LIVE: OC Bill Musgravehttps://www.pscp.tv/w/bO8V1DEwMjQzODB8MVBsSlFRRWxCa1pKRfPTEs_7Cx3mS364Waueyr_Gt7EDOuW_Y_XGR5p_bhd_ …";20;61
": Denver, CO : January 9, 1999 : #Broncos 38, #Dolphins 3 #TBT 's » http://j.mp/2At75mS pic.twitter.com/GcVuLvMEMl";57;358
"No Aqib Talib this week means more reps for younger players like @1kinglang. #BroncosIn60http://snpy.tv/2AkCTbq ";29;118
"#StrapHarrispic.twitter.com/eA4NoGVDHN";37;330
"to #DENvsMIA 's » http://j.mp/2AlQXnp pic.twitter.com/YXbHGoH19O";19;113
"#BroncosCountry LIVE: @cjandersonb22https://www.pscp.tv/w/bO3FujEwMjQzODB8MVlxSkRMam9nZEVKVjETeuQABqMNrb1LZO_6IttK7VRlpKYZAmuHZ-AfN6uj …";20;70
"Congrats, @jsimms1119!https://twitter.com/jsimms1119/status/935685656545767424 …";38;590
""We're in the @NFL. It's a blessing to be out here ... I came from nothing and made it to something." - @ESanders_10http://j.mp/2Bl6OPZ ";45;291
"#BroncosCountry LIVE: Coach Joseph addresses the media.https://www.pscp.tv/w/bOsbFDEwMjQzODB8MXlvSk1NRFlvTlJKUaadjBOQ_JgoRpLk-558eqlTaST8R6fP61dFCEFY82I7 …";43;122
"Coach Joseph announced that Paxton Lynch's ankle injury will keep him out 2-4 weeks. Trevor Siemian will start Sunday. » http://j.mp/2BhlmjF pic.twitter.com/i4tU1DirPw";92;427
""Growing up I didn't have a lot of mentors to be able to help give me a head start." - @ChrisHarrisJr #MyCauseMyCleatspic.twitter.com/ylzVTV6iz4";56;229
""[There's] no quit in me ... no quit in my teammates." - @StingRay56pic.twitter.com/OOOtCoUKGp";77;546
"Trevor Siemian led a valiant comeback effort after replacing an injured Paxton Lynch, but it wasn’t enough to overcome the deficit.http://j.mp/2BfyeGZ ";64;343
"“I was … upset I didn’t get to finish the game with my team.” - Paxton Lynch #FromThePocket » http://j.mp/2iTPM4m pic.twitter.com/5OZf53b0KM";32;289
"WRs Bennie Fowler III and Cody Latimer show up week after week on special teams. Sunday, they also both found the end zone.http://j.mp/2zInwfB ";40;201
". @MOOCHIE048's first-quarter strip sack was his fourth sack of the season and his fourth-career strip sack. #CoverFour » http://j.mp/2iTcB8B pic.twitter.com/25RjWF9P18";28;192
"Coach Joseph addressed the media following #DENvsOAK:http://snpy.tv/2A7U95o ";25;142
"#BroncosCountry LIVE: Coach Joseph addresses the media.https://www.pscp.tv/w/bO8TszEwMjQzODB8MWt2S3BrZFlNTk94RTOt_OJgD9fEnzA8BHlaOC7iXOZ2brouoP8mnuIFLDFx …";26;83
"#BroncosCountry LIVE: @TrevorSiemianhttps://www.pscp.tv/w/bO3PDTEwMjQzODB8MVlxS0RMam9aUURLVpfz8LjWXfnZaDWfBidm5qfw61uswGuPhP2gL1nWdQ9m …";26;97
"Asst. HC and RBs Coach Eric Studesville is representing @DonateLifeCO for #MyCauseMyCleats. Here's why: http://j.mp/2iYkqd2 pic.twitter.com/DT0T3rFJOy";23;76
"That moment when you finally get to see your #MyCauseMyCleats pic.twitter.com/B9bIRsMhRV";129;720
"Just in time for #GivingTuesday ... our 2017 #MyCauseMyCleats unveil 's » http://dbron.co/d42 pic.twitter.com/dHddvNtaQX";100;469
"Coach Joseph on Darian Stewart's collision with #Raiders WR Amari Cooper:pic.twitter.com/gKiLqhWMai";57;269
"#BroncosCountry LIVE: Paxton Lynch #DENvsOAKhttps://www.pscp.tv/w/bOoOkzEwMjQzODB8MW5BS0VXa1Bab2VKTJkHNPZUkBD3t76y6ODer36-i9XZpXLRBM9fSmzVbg6u …";33;145
"#BroncosCountry LIVE: Von Miller #DENvsOAKhttps://www.pscp.tv/w/bOoNOzEwMjQzODB8MXluS09va2dZYXlLUq6JtMqDPayCMwg0ua26xDr3tqAjiUrsKG2-V4n1xas_ …";29;103
"#BroncosCountry LIVE: Trevor Siemian #DENvsOAKhttps://www.pscp.tv/w/bOoKyTEwMjQzODB8MW5BS0VXa1BXYmFKTGaRmrrttK9jzobNPGAoZd2XZ0TvW_jIM6iT_Dij5VhX …";40;201
"Final from Oakland. #DENvsOAK » http://dbron.co/db pic.twitter.com/pITGmTvVVi";68;153
"#DENvsOAK";353;1024
"Siemian Fowler to make it a one-score game. #DENvsOAKpic.twitter.com/VHZVrygQAR";106;371
"finds in the end zone. #DENvsOAKpic.twitter.com/YexodtbqOI";81;336
