text;retweets;favorites
"That #FridayFeeling knowing we're back at home this weekend. #BeatThePatriotspic.twitter.com/0fDZmrvg3R";70;324
"Raise 'em right. #BornInBroncosCountry | #OrangeFridaypic.twitter.com/OJn1BZse1M";41;335
""They don’t really get to relax. When they’re here, they’re here. They do so much for this country." #SaluteToService through @AqibTalib21's eyes » http://j.mp/2yo8G9x pic.twitter.com/I5Bo7q9ea2";150;656
"@ESanders_10 #BeatThePatriotspic.twitter.com/hV54e1Y9t2";105;595
"#Vonsterhttps://twitter.com/PFF/status/929034929085796352 …";143;650
"Football weather. 's » http://j.mp/2zLRlf5  #BeatThePatriotspic.twitter.com/1qVWRVRzvP";25;185
"#BroncosCountry LIVE: STC Brock Olivohttps://www.pscp.tv/w/bNSS8jEwMjQzODB8MXZBeFJNbVBPTXZKbLQrkU6KHCiZafIEubbEkvr79rc8Jn-rdZMhs9eKWmbE …";15;68
"#BroncosCountry LIVE: Coach Joseph gives the final injury report for #NEvsDENhttps://www.pscp.tv/w/bNSRsDEwMjQzODB8MW1ueGVyUEJRblpLWFg--IhqVc0LSEuEJz5u6LOoINZ3JdWwO5dMIlWCJ4Mn …";23;69
"Back at : @thegingercarter #OrangeFriday | #BeatThePatriotspic.twitter.com/S9EbBqDt2R";70;436
"It's #OrangeFriday! How are you celebrating? Submit your 's » http://j.mp/2yLtBrb pic.twitter.com/iDqGCxNClG";40;277
""You really can't try to fool him. You've got to try to out-execute him." #BroncosIn60http://snpy.tv/2hhbBtq ";41;197
"Ever heard of a "sack tax?" Let @VonMiller try and explain it to you. » http://j.mp/2zpMsYx pic.twitter.com/J644w4jLdG";41;238
"See you soon, @SNFonNBC. #BeatThePatriotspic.twitter.com/MxcMwWcBZF";259;925
"We caught father-to-be @jsimms1119 on his way out of work on this week’s episode of #TheOutRoutehttps://www.pscp.tv/w/bNOaKzEwMjQzODB8MVprSnpkUVJacFJLdqosRnjTjG1ELgGbMxSifBvjWqh_DIQOAQlEqrxLcIGg …";37;162
"#SaluteToService pic.twitter.com/SAkC654Olv";165;625
"All-Pro LB @vonmiller on Vance Joseph: "Coach V.J.'s been phenomenal."pic.twitter.com/ZOK4DKjiRt";85;586
"Three more days. 's » http://dbron.co/cz9  #BeatThePatriotspic.twitter.com/Cu1LxvNkaD";22;137
"#BroncosCountry LIVE: @vonmillerhttps://www.pscp.tv/w/bNNuSzEwMjQzODB8MXpxS1ZNb3FQQlB4QrygRrhAEk5ncilu8BLj-ml0Vb-DtlTTCNHmZ6_mYLJX …";36;136
"#BroncosCountry LIVE: DC Joe Woodshttps://www.pscp.tv/w/bNNr5zEwMjQzODB8MWt2S3BrQnZvRW94RdNvCvdaTi8lgBiHEYnuhKrVzISe2mkLWOqHtrxYMs25 …";14;56
"#BroncosCountry LIVE: OC Mike McCoyhttps://www.pscp.tv/w/bNNqVTEwMjQzODB8MXpxS1ZNb3FsZ2R4QsxY76dspTs01IN83nuLSyeHai_pY-JbVT9JHygOAYF8 …";19;62
"35 years ago this week, @johnelway appeared on the cover of @SInow for the first time. #TheSqueeze » http://j.mp/2zqDcmP pic.twitter.com/5hdhzBuVPZ";73;319
"We own a 26-21 all-time record against the #Patriots, including a 17-10 mark at home. #TBT 's » http://j.mp/2m95ZXE pic.twitter.com/QMaK5bg453";122;490
"#TBT to when this happened ...pic.twitter.com/ZYFSVOxOi7";1540;4609
"#SaluteToService #SaluteToService #SaluteToService #SaluteToService #SaluteToService #SaluteToServicepic.twitter.com/Z9DX548hD5";327;704
""This is like a division game for me." - @cjandersonb22 #BroncosIn60http://snpy.tv/2AuS6Gn ";43;286
"#BroncosCountry — we want to see your pets! Submit your best #Fanimals photos here http://indi.com/broncos/broncospets …pic.twitter.com/YO1JRWup1R";18;66
"Squadddddddd(s). #NEvsDEN practice 's » http://j.mp/2yJD81S pic.twitter.com/S5zjX57QHF";38;282
"#MyCauseMyCleats is just a little over a month away! some of the causes our players are choosing to represent.pic.twitter.com/apBL2u8mEM";35;201
"Learning from the best pic.twitter.com/s123UdP4ur";39;343
"#BroncosCountry LIVE: @bosweiler17https://www.pscp.tv/w/bNIgjTEwMjQzODB8MXpxS1ZNb3JZRHd4QmfwgABj0yPQichFP0-omdZVPVTT1HJtD8IOCYcNWS5k …";30;131
"#BroncosCountry LIVE: @cjandersonb22https://www.pscp.tv/w/bNIXrTEwMjQzODB8MURYeHlFUVhEWUV4TZ8OtHsiJJvv4rmWSUqogyXK6noC3WsLNDA_ceLjECuf …";29;108
"#BroncosCountry LIVE: Coach Joseph addresses the mediahttps://www.pscp.tv/w/bNIVSzEwMjQzODB8MU1ueG5nT2VleWtLT_c7RFAxP3FJMDNvMAiBIjLfP89L25X7ME6QGMoe425b …";29;86
"The last time we played the #Patriots at home with Brock Osweiler as our starter ... 's » http://j.mp/2hTbepX pic.twitter.com/PhvZaUraLV";136;545
"We've signed OL Dillon Day to the practice squad and waived WR Tim Patrick.pic.twitter.com/HDqEmdPKWB";32;133
"Think you've got what it takes to get the high score in our new #BroncosArcade? Prove it http://dbron.co/arcade pic.twitter.com/VIq6SLVybX";17;69
"Feels good to be back in #BroncosCountry : @mkvackaypic.twitter.com/zTwQrgoIEP";57;425
"The @NFL is donating $5 to its military non-profit partners for every tweet with #SaluteToService. #BroncosCountry, retweets count, too! : http://nfl.com/salute pic.twitter.com/ToIqezqZmG";1480;788
"We've placed RT Menelik Watson on injured reserve and signed OT Cyrus Kouandjio. » http://dbron.co/cz5 pic.twitter.com/9fOUjzFlC0";62;228
"#BeatThePatriots";543;1683
""These young people are taking a big piece of their lives & making a huge difference." #SaluteToServicehttp://j.mp/2hlfKAj ";114;299
"#BeatThePatriotspic.twitter.com/caRn276ZgY";141;614
"Give blood, save a life. It's that simple. #BeAChampion | #DriveForLife20http://j.mp/2yFZBwY ";25;137
"Rick Upchurch & @KarlMecklenburg Several #Broncos @BroncosCheer @USAA #SaluteToService caravan 's » http://j.mp/2zkZPJx pic.twitter.com/FoZrgfPNRM";27;104
"New cover photo #BeatThePatriotspic.twitter.com/nQJapTKzzb";134;555
"We've waived LB Kevin Snyder and signed LB Joseph Jones. » http://j.mp/2zqZ29h pic.twitter.com/n7kHYB6uqk";48;159
""I always told my mom, 'At some point in my life, I don't know when, but I want to help people out.'" - @StingRay56 » http://j.mp/2Ahf96I pic.twitter.com/2LjS04yURb";61;345
"Our thoughts and prayers are with the Halladay family.https://twitter.com/Rockies/status/928012571709407232 …";197;1039
"#SuppliesForSoldiers' goal is to "serve those who serve." Sunday, it was our turn to serve. http://j.mp/2ycSPKN  #SaluteToServicepic.twitter.com/hUdCl1JoQ0";74;194
"Until 5 p.m.";2;4
"#BeAChampion Tuesdays are the best Tuesdays. Stop by #DriveForLife20 at @SportsAuthField to some of your favorite #Broncos & give blood.pic.twitter.com/ssgsnkCsMh";29;132
": Cheyenne Mountain Air Force Station #SaluteToServicepic.twitter.com/Q4vMGbECzD";40;166
"Come for @VonMiller and @StingRay56's handshake, stay for on the http://snpy.tv/2hMPoEh ";50;237
"This is where it begins. @StingRay56, joined by his teammates, is hosting his first #RaysAwareness fundraising dinner. #BeAChampionpic.twitter.com/d0FtXDjs0w";45;255
"Brock Osweiler to start Sunday Jake Butt, Chad Kelly headed to IR #DriveForLife20 is tomorrow! #BroncosIn60http://j.mp/2yAS2HP ";52;241
"Take a at @BMarshh54's first career touchdown, — by — . 's » http://dbron.co/cyq pic.twitter.com/pO6U2ZJEh7";72;468
"We need to improve in all three phases. But it starts with figuring out "our brand of football." Next-Day » http://j.mp/2zjBXWl pic.twitter.com/hPF8I8QLqX";27;167
"Our longest punt return since 2015? @_CRADICULOUS, you're getting the #InstantClassical treatment.pic.twitter.com/DFg1JqNtea";39;212
"TE Jake Butt and QB Chad Kelly will be placed on injured reserve. » http://j.mp/2zCe7WG pic.twitter.com/7lgIxY804t";32;156
"Coach Joseph announced that Brock Osweiler will be our starting QB Sunday vs. the Patriots. » http://j.mp/2yBbFiU pic.twitter.com/Zyzx7iPBCD";144;709
"#BroncosCountry LIVE: Coach Joseph addresses the media.https://www.pscp.tv/w/bM9sjTEwMjQzODB8MUx5eEJSWU1RUnl4TkPod7jsDufpDCVyx9wFw9ptaICqlC3wQDiEKjMFpYHq …";43;102
"More than football. #BeAChampionpic.twitter.com/gd23aiJNPG";80;611
"Our defense gave up 50-plus points for the first time since 2010. "[We've] just got to look in the mirror."http://j.mp/2hfgTJU ";72;271
"Know this, #BroncosCountry — we can't quit, and we won't quit. » http://j.mp/2y53XJB pic.twitter.com/1hN1R3KufA";142;848
"“You can’t make that many mistakes against an offense as good as them.”http://snpy.tv/2j5755L ";42;197
