text;retweets;favorites
". @denverpost: "Forty years after guiding the #Broncos to their first Super Bowl, Red Miller finally gets his day" » http://j.mp/2APSH4O pic.twitter.com/qweBN9PKwy";32;127
"Next man up at TE Who's the backup QB? Plan for special teams It's officially Alumni Weekend! #BroncosIn60http://snpy.tv/2jARrzk ";22;97
"#BroncosCountry, let's get @DemaryiusT to Orlando! Submit your #ProBowlVote » http://j.mp/2A8GhbN pic.twitter.com/JQkdL7bYUS";37;177
"It's #OrangeFriday all over the pic.twitter.com/3AmSOgIHMT";26;221
"more days, #BroncosCountry 's » http://j.mp/2Aa4GxQ  #BeatTheBengalspic.twitter.com/awL9POXsGu";31;185
"#Broncos injury report for #CINvsDEN: • TEs Jeff Heuerman and A.J. Derby = OUT • WR Cody Latimer and OL Donald Stephenson = questionable";25;79
"#BroncosCountry LIVE: STC Brock Olivohttps://www.pscp.tv/w/bN3V9TEwMjQzODB8MU1ZR05qQlFPYVpHd0o8avTmxUbZlZ8w0-FgLHLPAoFmpZYyB12--1wAUsoW …";18;72
"#BroncosCountry LIVE: Coach Joseph gives the final injury report before #CINvsDENhttps://www.pscp.tv/w/bN3UzTEwMjQzODB8MUJSSmpMak1qVmVLd9EDKxto_dVnInFb_jfoZmBf40HYsSLK2tZdi_IfVHV2 …";20;70
"#FridayFeeling when it's alumni weekend in #BroncosCountrypic.twitter.com/PbFoQbzxel";33;201
". @Terrell_Davis is taking your calls NOW! #BroncosCountry, hop on the line and ask a question!pic.twitter.com/1QHgIvCdWm";18;82
"On Sunday, @DomataPeko will face the team he spent his first 11 years with. But he's just ready to hit some of his old buddies. » http://j.mp/2ANjGy5 pic.twitter.com/JWcJk0dhqc";40;272
"It’s #OrangeFriday! Submit your ’s http://dbron.co/orangefriday pic.twitter.com/1ku7TVAro9";42;207
". @ChrisHarrisJr's a three-time Pro Bowler. Let's make it four. #ProBowlVote him to Orlando http://j.mp/2zJIsCg pic.twitter.com/Omv4rK6IAc";51;276
"Congratulations on the launch of your foundation, @cjandersonb22! #BeAChampionhttps://twitter.com/DNDFoundation22/status/931353796327772160 …";34;240
". @espn: @DomataPeko has "much love" for everybody ... except maybe on gameday. » http://j.mp/2z8ulqF pic.twitter.com/hyA4fAvvmh";22;168
"Submit your photo via http://dbron.co/pets  in order to be eligible for the prizes noted above!";0;1
""You can't walk around and point fingers, you just have to put your head down and work." - @ESanders_10 #BroncosIn60http://snpy.tv/2hyq8Be ";34;142
"#BroncosCountry — we want to see your best #Broncos pets! Submit your 's http://j.mp/2inx70P pic.twitter.com/rYVbejC97p";10;39
"We caught @dee_mount on his way out of work for this week’s edition of #TheOutRoutehttps://www.pscp.tv/w/bNzNIjEwMjQzODB8MWxEeExBZWRXTWJLbegNzeBfmS4J2Y9pvSR9xnnXh8VufIZsBd6nG9Dlw1kJ …";19;67
"“I get it. I feel the same way the fans feel… My only goal is to win football games, so I get the criticism and I don’t mind it.” - Coach Josephpic.twitter.com/51Ez1VNuxD";44;260
"It's all in the 's. #CINvsDEN 's » http://j.mp/2myWr8z pic.twitter.com/89YZcqIQgn";17;150
"#BroncosCountry LIVE: @vonmillerhttps://www.pscp.tv/w/bNyuqzEwMjQzODB8MW5BSkVXcU93cGFLTBcFsv9zAERS5f88kZVWu1GWeUbyl90CBR-NkUZEpPsT …";22;127
"#BroncosCountry LIVE: @ESanders_10https://www.pscp.tv/w/bNysqzEwMjQzODB8MXpxS1ZNcFF5ZUx4QkmLbjPeazrJBa3AGQqmm_C6RzXzUMogWbiriBX-PliK …";19;90
"#BroncosCountry LIVE: DC Joe Woodshttps://www.pscp.tv/w/bNyiPzEwMjQzODB8MVlxR29hT2x5WHZ4dq_R4yOCH-SPAcMGMKQy0Gj_bpu_YgDp2J7tfl-r5iKt …";13;50
"#BroncosCountry LIVE: OC Mike McCoyhttps://www.pscp.tv/w/bNygNzEwMjQzODB8MU1ueG5nalBFWm9LT15WiVrf5oKloqnx5nYO0RZ1jboj1Ce9vwSyjVLbm7H2 …";14;61
""Thanksgiving is about being with friends and family, and we want to make sure that all of our community knows that they're a part of the #Broncos family." #BeAChampionhttp://j.mp/2ineM40 ";23;94
"The @Bengals have returned tickets for #CINvsDEN, and they're now available for sale! : http://j.mp/2yQUbLp  #BeatTheBengals";18;59
"We own a 21-9 record vs. the #Bengals, including a 13-2 mark at home. #TBT 's » http://j.mp/2zGTWq2 pic.twitter.com/Rs6X8817Ui";44;254
"Elderly care @UpliftingAth Multiple Sclerosis Underprivileged kids Just a couple of the causes, we'll be representing for #MyCauseMyCleats! more » http://j.mp/2z9pFRd pic.twitter.com/CrkdALIeDC";25;99
". @VonMiller + the Pro Bowl. It just makes sense. Cast your #ProBowlVote NOW! http://j.mp/2ikz1iz pic.twitter.com/Ambp1wSurm";54;342
"You're going to want to watch until the end, #BroncosCountry https://twitter.com/TylerKicks2026/status/930984374241300481 …";70;489
"Everything you need to know from Wednesday in #BroncosCountry — in 60 seconds. #BroncosIn60http://snpy.tv/2hx3DNj ";23;133
"Want to see @DomataPeko at the Pro Bowl? #ProBowlVote him to Orlando! http://j.mp/2mtoQgb pic.twitter.com/pu8cL3Adv0";102;533
"#Bengals Head Coach Marvin Lewis with strong praise for #Broncos Head Coach Vance Joseph:pic.twitter.com/F38Y4HqfEy";36;224
"to work. 's » http://j.mp/2im6wB6 pic.twitter.com/ZTU0DF2QxK";26;191
"#BroncosCountry LIVE: @bosweiler17https://www.pscp.tv/w/bNtW2zEwMjQzODB8MW1yeG1abHJlcXpLeRVlpX0Bs0omfzHXgNzKdNcsm1dpDJw2atbQDMERvBUc …";18;87
"#BroncosCountry LIVE: @cjandersonb22https://www.pscp.tv/w/bNtSyzEwMjQzODB8MU1ZeE5qTlBOZ094d_VIyrAsUytNqjUjdkaedM24Ga3I-Jg7DQifYzSm8foi …";8;88
"#BroncosCountry LIVE: @domatapekohttps://www.pscp.tv/w/bNtRgTEwMjQzODB8MWRqeFhNa1JEYnZLWpSyuATyb9Fl3vKA_rSgGYkNNmk6-EFFbP8P8heGlX8X …";21;126
"#BroncosCountry LIVE: Coach Joseph addresses the media.https://www.pscp.tv/w/bNtPgjEwMjQzODB8MUx5R0JSa0x2WVBHTmhgbZ9iC3STAlMmpXmHJ63KHdrD6AXptsYqgdPBPBuH …";31;112
"#BroncosCountry, cast your #ProBowlVote right here on @Twitter! Vote for your favorite #Broncos players https://cards.twitter.com/cards/18ce549psqr/50m0t …";17;45
"In honor of @Terrell_Davis, we're granting any eligible attendee in seat a draught @budlight for #CINvsDEN! » http://j.mp/2mrbPUm pic.twitter.com/KMeeryrbSv";21;142
"#3AndOut — Week 11https://www.pscp.tv/w/bNs2ADEwMjQzODB8MVlxS0RMbEJZZVFLViIWDehWOXOj6360NqibgahGLiVleOkv5pkSX1P0U1Fm …";19;104
"We’ve promoted LB Deiontrez Mount to the active roster and signed TE Brian Parker and WR Tim Patrick to the practice squad. » http://j.mp/2A2IpC2 pic.twitter.com/beb0XeMzxM";24;115
"Last time we played the #Bengals, there was some Thunder & Lightning in the area. 's » http://j.mp/2z4YIhy pic.twitter.com/7by5cYBWcZ";38;245
"'Tis the season to #BeAChampion! @HabitatDenver ornament decorating 's » http://j.mp/2zJWJw5 pic.twitter.com/KwEZY8QBto";12;86
"#BeatTheBengals";298;1117
"Want to see a firsthand example of @VonMiller's leadership? Watch this 'd up http://j.mp/2AKr2TC ";78;429
"#FootballIsFamily pic.twitter.com/u37PJSUul3";106;890
"New cover photo #BeatTheBengalspic.twitter.com/4bfgjI4SEu";62;366
". @DemaryiusT is now just one receiving touchdown shy of tying @ShannonSharpe for second most in #Broncos history.pic.twitter.com/Sc06fnOa11";93;429
"We've waived OLB Kasim Edebali. » http://j.mp/2ig1VR7 pic.twitter.com/A3q34gGzg3";26;136
"Pro Bowl voting is officially open, #BroncosCountry! Vote for your favorite #Broncos http://j.mp/2z21KU0 pic.twitter.com/FSLNkBVUks";42;243
"We've named @VonMiller our 2017 Art Rooney Sportsmanship Award nominee. » http://j.mp/2mqVOOb pic.twitter.com/yRCO7Bd3BK";83;638
""I really wanted to start something that was me and @VonsVision58 is me." - @VonMiller #BeAChampionhttp://j.mp/2mqCT63 ";54;248
"Everything you need to know from Monday — in one minute. #BroncosIn60http://snpy.tv/2hrfCvy ";31;140
"#SaluteToService is about more than just one game. "This is nothing compared to what they do."http://snpy.tv/2hymmLN ";22;134
"Giving the gift of sight to all kids begins with events like @VonMiller’s fifth annual Celebrity Steak-Out for @VonsVision58. #BeAChampion | #MyCauseMyCleatspic.twitter.com/SCALoAcJaZ";33;186
"This is what it's all about. We were honored to host 150 kids from local military bases for a special #SaluteToService Play 60! 's » http://j.mp/2iTogmX pic.twitter.com/xdzPcYnGcV";26;174
"Deflected pass a third-down conversion. @DemaryiusT, it's your turn to get the #InstantClassical treatment.pic.twitter.com/2oCBRtt4TU";27;153
"#BroncosCountry https://twitter.com/PhillyWill11/status/930192427754733568 …";26;204
"This is a moment we'll never forget. #SaluteToServicehttp://snpy.tv/2zCjnZv ";247;1177
"Coach Joseph announced that Brock Osweiler will start at QB vs. Cincinnati. » http://j.mp/2moHpC2 pic.twitter.com/14kqlC01II";65;426
"#BroncosCountry LIVE: Coach Joseph addresses the media.https://www.pscp.tv/w/bNimlzEwMjQzODB8MW5BS0VXblhZa2FKTMp4FDdhc3_iJpEOZGKsggpQ6oUL32sXIV-S3tY5Dwx5 …";50;134
"#BeAChampion | #SaluteToServicehttps://twitter.com/teams4taps/status/930115207015403526 …";12;62
"#BornInBroncosCountryhttps://twitter.com/Talyns_Momma/status/930120739608436737 …";13;161
"We're "confused, embarrassed and frustrated" after losing five straight. But know this, #BroncosCountry, we won't quit.http://snpy.tv/2zwzM21 ";95;530
""If you make mistakes and spot Tom Brady points, it’s not going to be a good result."http://j.mp/2zyIX24 ";27;142
"@ESanders_10https://twitter.com/PFF/status/929934435029577728 …";74;653
"#BroncosCountry LIVE: @VonMillerhttps://www.pscp.tv/w/bNfPFTEwMjQzODB8MW1ueGVyUGdtZW9LWFjY7eVsxuM4PDArLbmL1yoSnNcvkhoIkP_hJ3m0zMc9 …";31;135
"#BroncosCountry LIVE: @bosweiler17https://www.pscp.tv/w/bNfMHTEwMjQzODB8MU1ueG5nV3dMZEVLTzxvAVrXfqaDO16XOzHi-4S9nHbZWyeRblYuCrWMPzdG …";32;107
"Rapid reaction The moments that defined us in #NEvsDEN. » http://j.mp/2i7Eeug pic.twitter.com/ebbJ428vXE";15;115
"Final. #NEvsDEN » http://dbron.co/db pic.twitter.com/sWvnQdzk63";110;213
"Three down, one to go. #NEvsDEN » http://dbron.co/db pic.twitter.com/lmISUCFVDV";22;91
"A moment @Derek_Wolfe95 and his brother-in-law will never forget. #SaluteToServicepic.twitter.com/xz9ANKaPyG";1500;5092
"That's how you start the second half, @DemaryiusT #NEvsDENpic.twitter.com/uDd1Y4A84t";142;513
"to for six! #NEvsDENpic.twitter.com/rMcX7gpaFH";137;469
"#SaluteToService 's » http://j.mp/2zT28UE pic.twitter.com/LVtFVzKVo6";60;289
"#NEvsDEN » http://dbron.co/db pic.twitter.com/Kk3z3OBH1i";36;133
"Three for three! @thekidmcmanus nails a 36-yard FG to bring us within 11. #NEvsDENpic.twitter.com/O1HFRaFM2E";63;294
"What. A. Snag. @ESanders_10 with 105 yards on just four receptions so far. pic.twitter.com/jJQlL92Yjv";209;1019
"@ESanders_10 #NEvsDEN";76;396
"Got 'em!! @jsimms1119 pic.twitter.com/HZoLzjPjPp";85;403
"One down, three to go. #NEvsDEN » http://dbron.co/db pic.twitter.com/iUb6orM4wk";20;106
"Another one. @thekidmcmanus hits his second field goal of the night. #NEvsDEN » http://dbron.co/db pic.twitter.com/WRNPdsgiaP";48;214
"+3 @thekidmcmanus gets us on the board with a 39-yard field goal. #NEvsDEN » http://dbron.co/db pic.twitter.com/FNa6p60BF2";63;193
"Move the s! #NEvsDENpic.twitter.com/h4GbSDzypn";55;247
"Let’s do this. #BeatThePatriots";269;831
"#BeatThePatriots | #SaluteToServicepic.twitter.com/9we6Ftfo9j";170;637
"Ready. #BeatThePatriotspic.twitter.com/jjwPKDZHFz";218;679
"#SaluteToService pic.twitter.com/2Lb5zT5Qj1";119;742
"It’s almost time. #BeatThePatriotspic.twitter.com/Nnq2etIJcW";309;1011
"#SaluteToServicepic.twitter.com/9QvA2sx7t2";78;373
"#BroncosCountry + @VonMiller https://twitter.com/SNFonNBC/status/929860826370109441 …";41;342
"our inactives for #NEvsDEN. » http://j.mp/2ywmKh7 pic.twitter.com/voZDYisUJ6";19;85
