text;retweets;favorites
". @NdamukongSuh prepares for his 95th consecutive start this Sunday.https://cards.twitter.com/cards/btiww/534ma …";15;47
"This Sunday, @JasonTaylor receives his Hall of Fame ring. We'll see you at @HardRockStadium. #DENvsMIA | 12.3.17 | FOXpic.twitter.com/oohPUn6tS9";120;402
"It's #FinsGearFriday! Post your picture with #FinsGearFriday and enter to win two tickets to a game and an autographed jersey: http://dolphins.com/finsgearfriday  No Purchase Necessary. Florida Residents Only. 18+pic.twitter.com/jN82mfGUeK";13;35
". @KDx32 is giving back to an organization that gave him so much growing up. #MyCauseMyCleats <> @BGCA_Clubspic.twitter.com/jKB4Q13CXR";8;42
"Happy Friday fans! We have your gameday preview for #DENvsMIA, #MyCauseMyCleats unveils and more. This is your #DolphinsDaily.pic.twitter.com/pkOy97Jh94";15;52
"#MyCauseMyCleats <> Multiple Sclerosis @charles_ao1pic.twitter.com/mW97ImuHf1";57;176
". @charles_ao1 is bringing awareness to multiple sclerosis, a disease that his mother was diagnosed with. #MyCauseMyCleats <> Multiple Sclerosispic.twitter.com/gJhF9hiOHR";116;216
"We're back home at @HardRockStadium! #DENvsMIA | 12.3.17 | FOXpic.twitter.com/AJn8cRZkb4";20;99
"The moment @jasontaylor found out he was going to Canton. This Sunday, JT will receive his Hall of Fame Ring at @HardRockStadium.pic.twitter.com/EqciYjFPtn";39;172
"Wishing Nate Allen a Happy Birthday! pic.twitter.com/FOsoomooTi";11;82
"The rookie DT made his presence felt during Sunday's game. Mic'd up with @dgodch1pic.twitter.com/1BoLKUWpTB";108;289
"- An early holiday surprise for 300 students from @Kold91 and @FloridaMilk - Preparing for #DENvsMIA - Jay Cutler and @KDx32 This is your #DolphinsDaily.pic.twitter.com/P6JicQTMqk";8;27
""Each play (on special teams) is a game in itself." One-On-One with @Walt_Aikens presented by @BaptistHealthSFpic.twitter.com/XLeBVGkIVc";20;60
"Enter now for a chance to win @CityFurniture Best Seats in the Stadium! No Purchase Necessary. Florida Residents Only --> http://www.cityfurniture.com/bestseats pic.twitter.com/jQ5F7NBrxX";7;21
"- Hosting Denver for the first time since 2011 - Hear from Cutler and Drake after yesterday's practice - @Kold91 and @FloridaMilk surprise 300 students with new sneakers This is your #DolphinsDaily.pic.twitter.com/nRIOqOsODC";12;35
"Diabetes has impacted @Walt_Aikens family. He is determined to raise awareness to find a cure. #MyCauseMyCleats <> @AmDiabetesAssnpic.twitter.com/Qc0wPfnLJ3";54;107
"We have been awarded tight end A.J. Derby off waivers from Denver and we have waived wide receiver Rashawn Scott.";74;254
"Mike Pouncey has Rick Ross as his go-to song for gameday. More tunes from the center on @Deezer Dolphins Flow. : http://dolphins.com/Deezer pic.twitter.com/fzfXkjqOM8";17;27
"We have promoted running back De’Veon Smith off the practice squad.";71;208
". @ReshadJones9 breaks down his second fumble recovery for a touchdown this season and what he saw on the play Presented by @BaptistHealthSFpic.twitter.com/sN9xGaz2aH";16;60
"Apply now for the Social Justice Grant Program and Project Change Scholarship.https://cards.twitter.com/cards/btiww/534b0 …";13;37
"What was the first game you attended and who did you go with?https://cards.twitter.com/cards/btiww/532zh …";7;26
"Taking it one game at a time. Presented by @UMiamiHealthhttps://cards.twitter.com/cards/btiww/531u6 …";8;18
"A look back at some of our memorable matchups with the Broncos.https://cards.twitter.com/cards/btiww/52yv9 …";6;30
"The latest injury updates ahead of #DENvsMIA.https://cards.twitter.com/cards/btiww/52yly …";9;24
"- @KDx32 prepares for majority of Sunday’s snaps - Vance Joseph returns to @HardRockStadium - @T_Fede’s roll increaseshttps://cards.twitter.com/cards/btiww/52y6o …";12;34
"Dolphins Live: Coach Gase meets with the media. Watch: https://www.facebook.com/MiamiDolphins/videos/10155350622264611/ …";4;14
"Dolphins Live: Defensive Coordinator Matt Burke meet with the media.https://www.pscp.tv/w/bO7gizMyNzA1fDFQbEtRUUV3V1F2S0UX5gDAks25qojWMuX-0zGk-pviuOy21bmioLOUrNYEyg== …";10;40
"Dolphins Live: Assoc. HC/Special Teams Coord. Darren Rizzi meets with the media.https://www.pscp.tv/w/bO7aWTMyNzA1fDF2QXhSTWRaQkJ5Smzh6keRkBkg5y35fatGQfDrKaK2WCkdaGajiFgIzAhlWA== …";9;24
"- Get the guys to #ProBowl! - Hitting the practice field in Davie - Get to know lineman Jesse Davis This is your #DolphinsDaily.pic.twitter.com/EgllsmSljG";11;32
"Congratulations to this week’s @RISEtoWIN Week 13 Award Winners!https://cards.twitter.com/cards/btiww/52r98 …";8;24
"Yesterday, @FloridaMilk along with @Kold91 passed out 300 pairs of tennis shoes to students at Howell L. Watkins Middle School!pic.twitter.com/PH1MvrLtvW";20;71
"- Focusing on the Broncos - Get your #ProBowl votes in - Q&A with Jesse Davis This is your #DolphinsDaily.pic.twitter.com/JlIoQCoRtZ";6;24
"For @bigyoungin76, it's about tackling cancer. #MyCauseMyCleats <> @TackleCancerpic.twitter.com/5RVxaVWat5";15;45
"- JT to be honored at halftime - Hayes placed on IR - #MyCauseMyCleatshttps://cards.twitter.com/cards/btiww/52mu8 …";13;33
"The man behind #MyCauseMyCleats @SolesBySir <> @Surfacepic.twitter.com/uEx6Mgl8LV";25;86
"- One-On-One with @reshadjones9 - Ride along with @Walt_Aikens and @SamMaddie29 This is your #DolphinsDaily.pic.twitter.com/F9FNtnZUFy";5;24
"The Audible with Kim Bokamper. Today's guest: John Congemihttps://www.pscp.tv/w/bOscVjMyNzA1fDF5TkdhVkF3TFhsSmq-ikyVvviPj5nhJHXgfiww_BJtByqARmFs_m-6XNRqfQ== …";13;26
"- Injury updates from Sunday - Landry's reception totals - 5 QB hits & a sack for Wake - Jesse Davis' versatilityhttps://cards.twitter.com/cards/btiww/52fop …";10;27
"The Audible with Kim Bokamper. Today's guest: Joe Rosehttps://www.pscp.tv/w/bPBV6zMyNzA1fDFCUktqTFZBTlBRSnfAZ4WUPVIWjZ-WlQePtNfWZivxUH02SiV57QqQfuTZ5Q== …";9;46
"#MyCauseMyCleats <> Epilepsy & Leukemia @MarQueisGpic.twitter.com/qISz4RWKPN";54;184
"El equipo se enfrentan contra los Broncos de Denver este domingo y sorprendimos a unos compradores de Publix.pic.twitter.com/Qru0tViUH9";1;30
"@ReshadJones9 #ProBowlVote: http://dolphins.com/probowl pic.twitter.com/wCOnyfoEIt";41;131
"#MyCauseMyCleats @julius_thomas <> @A4LMiamipic.twitter.com/Wkr5hxlpmS";15;60
"Dolphins Live: Offensive Coordinator Clyde Christensen meets with the media.https://www.pscp.tv/w/bO7d_jMyNzA1fDFsUEtxcFJOT3d3eGIExqnKhIL4-vGm8N37btfWIYCKUhvlft4-NWSBiTqnwA== …";7;26
"Jesse Davis has played three positions on the line this season. Get to know the versatile offensive lineman. Presented by @UMiamiHealthhttps://cards.twitter.com/cards/btiww/52vte …";6;23
"Here's what was said after practice today.https://cards.twitter.com/cards/btiww/52t51 …";2;18
"#MyCauseMyCleats <> @AmDiabetesAssn @Walt_Aikenspic.twitter.com/PuYqbIVOfO";17;49
"#MyCauseMyCleats <> @CF_Foundation @God_Son80pic.twitter.com/LWjlQvRi8q";97;208
"- De’Veon Smith is placed on the active roster - Cutler is out of concussion protocol - Familiar faces for Sundayhttps://cards.twitter.com/cards/btiww/52slo …";24;48
"- What is your favorite @JasonTaylor memory? - Observations from around the league - Who takes home the ACC Championship?https://cards.twitter.com/cards/btiww/52qv3 …";7;20
"Go behind the scenes and take a peek of how the team's locker room is set up. Presented by @UMiamiHealthhttps://cards.twitter.com/cards/btiww/52q4g …";5;20
"#MyCauseMyCleats <> @TackleCancer @bigyoungin76pic.twitter.com/8YO3bRJ6a0";70;248
"We have placed defensive end William Hayes on injured reserve.";29;64
"363 receptions 3,688 yards 19 TDs All before his 25th birthday. Happy Birthday, @God_Son80!pic.twitter.com/v57x9aSVec";604;1431
"Dolphins Live: Coach Gase meets with the media.https://www.pscp.tv/w/bOrtlzMyNzA1fDF6cUtWTU5EdlhZeELZ5tYZOFdmx5Si1D_RreA2YAZWSdgEepk22dMOaPhr3w== …";28;51
"We have joined with @eatoncorp to award a Miami-Dade or Broward County high school with a free Ephesus state-of-the-art LED sports lighting system.https://cards.twitter.com/cards/btiww/52ew3 …";18;27
"Slow starts in the first half are difficult to overcome. Presented by @UMiamiHealthhttps://cards.twitter.com/cards/btiww/52ebd …";15;26
"Dolphins Live: Coach Gase meets with the media.https://www.pscp.tv/w/bPBDQzMyNzA1fDFQbEtRUUV3bGxxS0Xzz-N2SBvQANwcMn_yTv0bjc2e2LcZBWJaU7h5u3FIuw== …";17;36
"The Audible with Kim Bokamper. Today's guest: James Walkerhttps://www.pscp.tv/w/bO3FzzMyNzA1fDF5cEtkTkFka2dxSldsResflSjLu6svr2YkPEMcXozbUNu7SbI6T9FiO3jmJg== …";7;27
"Join @usafootball in Orlando for their 2018 National Conference at this year's Pro Bowl!https://cards.twitter.com/cards/btiww/52kq8 …";5;32
"- It's time to focus on the Broncos - @ReshadJones9 on complementary football - Madison Ave with @Walt_Aikens This is your #DolphinsDaily.pic.twitter.com/DvRFopKwz1";9;34
"No player in NFL history has caught more passes before his 25th birthday. @God_Son80 has 363 receptions in four years, shattering the previous record by 30 catches. Presented by @UMiamiHealthhttps://cards.twitter.com/cards/btiww/52jp0 …";110;335
". @johncongemi has your recap from Sunday's game as the team shifts their focus to Denver. This is your #DolphinsDailypic.twitter.com/6NPNopOlRY";7;18
"Three observations from #MIAvsNE.https://cards.twitter.com/cards/btiww/52bgb …";7;31
"“We have to focus on Denver and limit our mistakes.” - @NdamukongSuhhttps://cards.twitter.com/cards/btiww/52bcd …";12;61
