text;retweets;favorites
"- Hear from @Kold91 about his defensive line expectations - @God_Son80’s catch count - @DeVanteParker11 planhttp://bit.ly/2hBkVsu ";9;33
"He has the most receptions in the first four years of an NFL career with 349. Send @God_Son80 to the #ProBowl! -> http://miamidolphins.com/probowl pic.twitter.com/1ALlmKrWcb";255;605
"Happy Friday fans! We have your gameday preview ahead of Sunday's game! This is your #DolphinsDaily, presented by @FloridaCityGas.pic.twitter.com/1PKvVedNne";10;40
"Preparándonos para nuestro juego reprogramado y llevamos a 125 estudiantes para comprar comidas de Thanksgiving en Publix.pic.twitter.com/gsLvkfQFXN";13;46
"Wishing @Kwon_daTRUTH a Happy Birthday! pic.twitter.com/qfcTmrQjjs";140;613
"- The “Clock Play” against the Jets - #TNF against the Patriots in the Orange Bowl - The 1993 snow game in Dallashttp://bit.ly/2hyj4of ";6;32
"- Check out our #TBvsMIA preview - Hear from Jay Cutler ahead of Sunday's game This is your #DolphinsDaily, presented by @FloridaCityGaspic.twitter.com/btGkdmLUbt";7;34
"Don't forget to wear your 'Fins gear to work today! Post your picture with #FinsGearFriday and enter to win gear: http://dolphins.com/finsgearfriday pic.twitter.com/Mzk60HvyFG";15;58
"Finding our rhythm and getting a win. Presented by @UMiamiHealthhttps://cards.twitter.com/cards/btiww/517sm …";8;27
"The latest injury report ahead of #TBvsMIA.https://cards.twitter.com/cards/btiww/514ok …";13;22
"Walking down memory lane ahead of #TBvsMIA. 11.19.17 | 1:00 PM | @NFLonFOXpic.twitter.com/VBX4nuvJxp";29;108
"Rep the aqua and orange at work tomorrow! Post your picture and use #FinsGearFriday.pic.twitter.com/0Osh2m7Awg";26;65
""After the first couple of drives you settle in and start playing ball." - Ted Larsen One-On-One Presented by @BaptistHealthSFpic.twitter.com/xkmtkroIlU";16;41
"Congrats, @Giancarlo818!https://twitter.com/marlins/status/931300880594493440 …";187;754
"“You’ve got to go right back to one game at a time. It’s easy to get lost in the past." - Assoc. HC/Special Teams Coord. Darren Rizzihttp://bit.ly/2zLDODf ";7;19
"In-state matchup. Our house. 11.19.17 | 1:00 PM | @NFLonFOXpic.twitter.com/Du9OwPlDdG";18;107
"Enter to win a VIP Game Day Experience including a suite brought to you by @Deezer! No Purchase Necessary. For official rules and to enter, visit: http://bit.ly/2zKbYHE pic.twitter.com/xPeD0TCIj9";6;20
"- Rotating RBs - Senorise Perry joins Jakeem Grant as a kickoff returner - 58% of third-down situations converted against Carolinahttp://bit.ly/2hvAWQz ";6;31
"Dolphins Live: Jay Cutler meets with the mediahttps://www.pscp.tv/w/bNygFjMyNzA1fDFZcEprV2prWWRBSmqapE9Uvzgr4_RcWT1FTAAcGWG08XoesIYxq5jd_2E2mQ== …";20;46
"Returning to practice as we prepare for our rescheduled game against the Bucs. This is your #DolphinsDaily, presented by @FloridaCityGaspic.twitter.com/28gUZjZrBB";4;30
"Dolphins Live: Coach Gase meets with the media.https://www.pscp.tv/w/bNx2bzMyNzA1fDFkakdYTWtWQk5SSlrJnmdvbfSdkuVppRHIcTrEwWCXd7kBA2pXF4Cx32HXJw== …";17;33
"Dolphins Live: Defensive Coordinator Matt Burke meet with the media.https://www.pscp.tv/w/bNxzjTMyNzA1fDFkUktaYmtkYVZiS0IoZmF6aVtMJ9EKNcEZZPPU-NLyUUCd4y7IH3ReNpK_SQ== …";16;37
"Dolphins Live: Offensive Coordinator Clyde Christensen meets with the media.https://www.pscp.tv/w/bNxxJDMyNzA1fDFsUEtxcGxPYmpBeGLhrA7qubNG6-EgzEuP-jYYe2yQdozvmxEZP98AInkmqQ== …";16;44
"Dolphins Live: Assoc. HC/Special Teams Coord. Darren Rizzi meets with the media.https://www.pscp.tv/w/bNxs6zMyNzA1fDF2T3h3TkJyWkJQSkJVNUCR3C_EF-YofXSYDOkqATbKg1tAm6y4XbXIzzKPBA== …";9;37
"- From Week 1 to Week 11 for #TBvsMIA - @ACohenFins on The Audible This is your #DolphinsDaily, presented by @FloridaCityGaspic.twitter.com/tiSknurcH7";10;26
"In a matchup that began in 1976, we take a walk down memory lane ahead of Sunday's game. #TBvsMIAhttps://cards.twitter.com/cards/btiww/510ms …";9;43
"Bass fishing? Deep sea fishing? Give @maualuga58 a fishing pole and he's happy. Presented by @UMiamiHealth.https://cards.twitter.com/cards/btiww/5108o …";8;28
"The first injury report ahead of #TBvsMIA.http://bit.ly/2huuut1 ";10;25
"The only nickname @moreece300 goes by? Mo. This is Q&A Presented by @Budlightpic.twitter.com/8BRzgwsyeX";3;23
"- Success in the red zone - Analyzing the lineup - Preparing for rescheduled Tampa Bay gamehttp://bit.ly/2hwuY27 ";6;27
". @God_Son80 took the @NFL lead in receptions on Monday night’s game with his five catches.http://bit.ly/2zJbB04 ";27;122
"The Audible with Kim Bokamper. Today's guest: Andy Cohenhttps://www.pscp.tv/w/bNtFFzMyNzA1fDF5TnhhVnd2UVhXS2oKuN9wcuTKxMtD4ZfSxCSx7Zdo_QWlFjma9admaA7LDg== …";19;38
"Congratulations to our Week 11 @RISEtoWIN award winners!https://cards.twitter.com/cards/btiww/50wca …";8;22
"In his first game of the season @TMcDonaldJr lead the team in tackles. Hear how he rated his performance. Presented by @BaptistHealthSFpic.twitter.com/6XynBiyITj";20;78
"- Check out our Shop With A Fin Event! - Catching up with T.J. McDonald This is your #DolphinsDaily, presented by @FloridaCityGas.pic.twitter.com/DZvjEe5KrX";4;31
"- The Fake Spike against the Jets - Top @NFL performances - Justice Leaguehttps://cards.twitter.com/cards/btiww/50uqc …";8;27
"- One-on-One with @tmcdonaldjr - Shopping With A Fin at @Publix - #TBvsMIA This is your #DolphinsDaily, presented by @FloridaCityGas.pic.twitter.com/ypura6rKaq";2;27
". @ACohenFins breaks down three things the team needs to focus on against the Bucs. Presented by @umiamihealthhttps://cards.twitter.com/cards/btiww/50u57 …";13;26
"We had 125 students join us to shop for Thanksgiving meals during our Shop With A Fin event at @Publix! We had players, front office staff, @MDCheer and volunteers join for this event.pic.twitter.com/KmQ1Ys8KyD";41;172
"Hear from @JohnCongemi with last night's recap and more. This is your #DolphinsDaily, presented by @FloridaCityGaspic.twitter.com/QbbSNae0gI";8;19
"Hear from Coach Gase after last night’s game as the team prepares for #TBvsMIA.http://bit.ly/2zYh83w ";3;17
"- Recapping #MIAvsCAR - McDonald returns to lineup - Looking to #TBvsMIA This is your #DolphinsDaily, presented by @FloridaCityGas.pic.twitter.com/5vqfDO6UEt";11;35
"- @KDx32's TD run - @tmcdonaldjr makes his presence known - @j_bushrod7475 nominated for award - Pro Bowl votinghttps://cards.twitter.com/cards/btiww/50qpb …";6;23
"Post game quotes from Charlotte.https://cards.twitter.com/cards/btiww/50ppq …";6;13
"Three observations from last night's game.http://bit.ly/2z0TLGJ ";6;44
"Breaking down #MNF. Presented by @UMiamiHealthhttp://bit.ly/2z1ZOdT ";6;20
"Dolphins Live: Coach Gase meets with the media.https://www.pscp.tv/w/bNkbPDMyNzA1fDFsUEpxcGxqT3FZR2K6xGj_y5FsArhSWkGEZnvmLDy0fvN3HM05y5jsHgCC6A== …";42;47
"Final. #MIAvsCARpic.twitter.com/3z0I811RuV";64;192
"Cutler completes the TD pass to Landry. #MIAvsCAR | 21-45pic.twitter.com/nbIlpVv4eU";96;401
"Newton finds Funchess for the touchdown. #MIAvsCAR";13;43
"After three. #MIAvsCARpic.twitter.com/aD5q69Munn";23;52
"@KDx32 takes it 66-yards for the TD. #MIAvsCAR | 14-31pic.twitter.com/hbnzQxTAXN";244;595
"TOUCHDOWN! 66 yards to the HOUSE for @KDx32! #MIAvsCAR | 14-31pic.twitter.com/XtBbbx9jbs";147;396
"Artis-Payne with a 12-yd run for a touchdown. #MIAvsCAR | 7-31";9;59
"Newton completes the pass to Funchess for the TD. #MIAvsCAR | 7-24";14;54
"The second half is underway! #MIAvsCARpic.twitter.com/MJ5lsKdgZE";17;64
"We have reached the half. #MIAvsCARpic.twitter.com/l75DgM5ad8";29;60
"Newton completes to Dickson for a touchdown. #MIAvsCAR | 7-17";5;24
"Cutler's pass is intercepted by Kuechly. #MIAvsCAR";13;53
"TD = Free Frosty! Get your free Frosty at @Wendys tomorrow!pic.twitter.com/Aea5z0qq4l";31;89
"TOUCHDOWN! #MIAvsCAR | 7-10pic.twitter.com/rWN1Prf064";126;315
"Cutler with the shovel pass to Thomas for six! #MIAvsCAR | 7-10pic.twitter.com/Uv685lIJjY";121;330
"McCaffrey rushes in for the touchdown. #MIAvsCAR | 0-10";20;53
"Let's go defense!! #MIAvsCARpic.twitter.com/OFGxTmmcFf";34;146
"After one in Charlotte. #MIAvsCARpic.twitter.com/7CuygtRkOk";25;89
"Gano's 40-yard field goal is good. #MIAvsCAR | 0-3";13;37
"Let's GO!! It's showtime in Charlotte! #MIAvsCARpic.twitter.com/UEsfsCcI7y";104;303
". @Kold91 with the pregame speech ahead of #MIAvsCAR #FinsUppic.twitter.com/qJAadmAYF3";134;415
"We think @Walt_Aikens is ready to play in his hometown on #MNF. #FinsUppic.twitter.com/JbYgAEMYVC";46;180
"He’s a BEAST. #MIAvsCARpic.twitter.com/BChBZXCnWW";98;373
"Pregame notes ahead of #MIAvsCARhttps://cards.twitter.com/cards/btiww/50kyt …";9;26
"Monday Night Football has arrived. Let's GO!! #MIAvsCARpic.twitter.com/JhF42UiTVh";111;259
"51 degrees in Charlotte. Break out the beanies! #MIAvsCARpic.twitter.com/i6x5XCg5qH";26;108
"@NdamukongSuh is gonna get you. #MIAvsCARpic.twitter.com/fLDEqvorzL";50;178
"JUICE #MIAvsCARpic.twitter.com/4uamUht3ZQ";56;230
"Tonight's inactives #MIAvsCARpic.twitter.com/52wi7dD7z8";29;68
