text;retweets;favorites
"Hear from the guys as they prepare for #MIAvsLAC. http://bit.ly/2fd0EvH ";9;44
"Wishing @DanMarino a Happy Birthday!pic.twitter.com/4fy7VTtBsy";1121;3196
"The final injury report ahead of #MIAvsLAC.http://bit.ly/2fb75zh ";6;30
"Dolphins Live: Cam Wake meets with the media.https://www.pscp.tv/w/bIrmiDMyNzA1fDF5b0pNcHp6TmVsR1F-LZqOKx33ELPjPJPfI90LnhpOMjUbUu61yPsNOp6JpA== …";22;83
"Dolphins Live: Coach Gase meets with the media after today's practicehttps://www.pscp.tv/w/bIrkgjMyNzA1fDF5TnhhbXB2YmpSeGqdglvw3BlTYh4rhkBCRk6OQc0uJG1AL50vBx1YYvvTXQ== …";25;88
"From South Florida to California, we are playing this game for our community. This is Ch. 1 of #TheJourney. Share yours this week.pic.twitter.com/fQgphoYSZ2";119;282
"73 seconds on the clock. Tie game. @ElBravo_47 takes it to the house for 60-yards. #MIAvsLACpic.twitter.com/4fwvXw1bkG";215;592
"The Audible With Kim Bokamper. Today's guest: Alain Pouparthttps://www.pscp.tv/w/bIq7tjMyNzA1fDFybXhQcVhRWnZkS07nebL9cXlrKOmUt1fIXUi56skn389oG0ZvAoPqMvS3pg== …";21;56
"El long snapper de los Dolphins, John Denney tiene las últimas noticias desde California en esta edición de Dolphins Internacional.pic.twitter.com/ySx7iTbmFe";22;82
"- Announcing your 2017 Captains - Hear from Coach Gase after practice - Previewing #MIAvsLAC This is your #DolphinsDaily.pic.twitter.com/PFRg8OvDtL";20;64
"We asked. You answered. A look at the keys to taking home a win against the Chargers.https://cards.twitter.com/cards/btiww/4sn0i …";22;62
"- All eyes on Sunday's season opener - Breaking down the numbers for #MIAvsLAC - Coach Gase on the . This is your #DolphinsDaily.pic.twitter.com/SNIvNHBnjH";28;70
"Five factors to look at ahead of Sunday's matchup. : http://bit.ly/2ydn9pc http://bit.ly/2x1ldSG ";15;31
"The top shots from day two of practice in California. https://cards.twitter.com/cards/btiww/4shh2 …";24;73
"5 captains named for the 2017 season, coordinators speak with the media, O-Line roles and more.http://bit.ly/2vX8WuN ";17;55
"It's bigger than football.pic.twitter.com/UWR8OA57aL";68;235
"Here to stop the run. One-on-one with William Hayes presented by @BaptistHealthSFpic.twitter.com/Ox2TNLJtl9";21;78
"Injury updates heading into #MIAvsLAChttps://cards.twitter.com/cards/btiww/4sh4u …";11;29
"Your 2017 Team Captains #FinsUppic.twitter.com/2f1cVCSNtc";439;1091
"Enter to win the Ultimate VIP Snacking Experience courtesy of @Snyders_Hanover. No Purchase Necessary, Rules: http://www.dolphins.com/snyderslance pic.twitter.com/bZBGA4OzRC";12;27
"#FinsUppic.twitter.com/OnvGjdqniM";59;161
"Dolphins Live: Offensive Coordinator Clyde Christensen meets with the media.https://www.pscp.tv/w/bIl4OjMyNzA1fDFqTUtnUHdub2VqR0yTgKkHi8eQSmy0G4NFC95gEVIbktXEqcWfacGkgJcV2Q== …";19;47
"Dolphins Live: Assoc. HC/Special Teams Coord. Darren Rizzi meets with the media.https://www.pscp.tv/w/bIlznjMyNzA1fDFkUktabkxWa2xNS0IFfc7VZJ29-iAv2ZJUhN9l2T_aeIDDcoFiYK-aKFZa3g== …";21;45
"Back to work in Oxnard, CApic.twitter.com/dOY6niR78v";48;191
"- Discussing the mindset for Sunday's game - Hitting the field in Oxnard - Hurricane Irma relief efforts This is your #DolphinsDaily.pic.twitter.com/apkIcLUinH";10;34
"https://twitter.com/nflnetwork/status/908363214013988866 …";637;1478
"Enter to win a trip for 2 to watch us play in London courtesy of @AirEuropa! Rules & Entry: http://www.dolphins.com/aireuropa  No Purchase Necessarypic.twitter.com/j2EbUjqb3E";14;49
"A look back at some of our most memorable games against the Chargers.http://bit.ly/2xnb2Yn ";24;65
"- Practice updates from CA - We hear from Cutler & Suh - Hurricane Irma Relief Efforts This is your #DolphinsDailypic.twitter.com/TJuk4JbGNJ";30;67
""Every day is a new challenge and every day is exciting and I’m just enjoying it.”http://bit.ly/2fkuVFK ";41;134
"Check out all of the photos from today's practice in Oxnard. : http://bit.ly/2h3elxW https://cards.twitter.com/cards/btiww/4s9u7 …";10;50
"Here's what was said after practice today. : http://bit.ly/2y0fSYS https://cards.twitter.com/cards/btiww/4s9t0 …";14;40
"The team returns to practice in Oxnard, CA and more. : http://bit.ly/2eWsWqy https://cards.twitter.com/cards/btiww/4s9qr …";13;54
"The first #MIAvsLAC injury report heading into Sunday's game. https://cards.twitter.com/cards/btiww/4s9pi …";12;41
"Dolphins Live: Jay Cutler meets with the media. Watch:https://m.youtube.com/watch?v=KCX1mSHXvec …";13;54
"We caught up with safety Nate Allen as the team prepares for their first game against the Chargers. Presented by @BaptistHealthSFpic.twitter.com/194uh02ujY";17;77
"The Audible With Kim Bokamperhttps://www.pscp.tv/w/bIgR6zMyNzA1fDFQbEpRWUxNRGJkSkXZBiHmgAVzdIF5jA_V-dhYVe5BfbP6rEvAROPDHL7-kQ== …";30;63
". @IAmXavienHoward has your latest news from Oxnard as the team prepares for Sunday's game. This is your #DolphinsDaily.pic.twitter.com/FysI8bYSln";22;70
"For more information about Hurricane Irma Relief efforts and how you can help, visit: http://dolphins.com/hurricanerelief https://cards.twitter.com/cards/btiww/4r4sy …";27;45
"Stephen Ross has pledged $1 Million to long-term rebuild and recovery efforts in the aftermath of Hurricane Irma.https://cards.twitter.com/cards/btiww/4s840 …";265;799
"It's time to hit the practice field in Oxnard ahead of Sunday's game against the Chargers. This is your #DolphinsDaily.pic.twitter.com/YjZdIh9NDX";22;88
"Who will score the first TD of the season, observations around the league and more. : http://bit.ly/2x17Jpv https://cards.twitter.com/cards/btiww/4s73e …";25;64
"Preparing for a new season opener against the Chargers. : http://bit.ly/2xknPuU https://cards.twitter.com/cards/btiww/4s71h …";33;75
"Our locker room and weight room are ready in Oxnard, CA. : http://bit.ly/2fggfr4 https://cards.twitter.com/cards/btiww/4s2gi …";29;136
"Our locker room is ready for tomorrow's practice in Oxnard, CA.pic.twitter.com/wrDjIBj3my";77;242
"The team has begun prep in Oxnard, CA for Sunday's game against the Chargers. This is your #DolphinsDailypic.twitter.com/9kJMQoENuD";49;159
"Weight room built in Oxnard, CA for the team to prep for Sunday's game against LA.pic.twitter.com/kdvuCvHziu";52;224
"Our thoughts and prayers are with everyone who has been affected by Hurricane Irma. This is your #DolphinsDailypic.twitter.com/06UnZvtBaW";76;251
"The Audible With Kim Bokamperhttps://www.pscp.tv/w/bIWTQzMyNzA1fDFtcnhtbXZicG9CeHn-loq7aNlsFSB72bi5et5aZrhM4rry83-ADow7aP-ZAQ== …";33;74
"#NeverForgetpic.twitter.com/4zuV6VnUhV";398;1070
"To the entire state of Florida, stay safe. Our thoughts and prayers are with you.pic.twitter.com/bzJKLly4JH";1685;3899
"Stephen Ross is flying players, coaches, staff & their families to LA ahead of Irma. Our thoughts & prayers are with everyone in Florida.pic.twitter.com/IlIEyOKA7f";1087;3417
"The @NFL has rescheduled Sunday's game at @HardRockStadium to November 19th. This is your #DolphinsDaily.pic.twitter.com/GYMiKEAWSH";61;125
". @HardRockStadium is preparing for Hurricane Irma and is not accepting donations for Harvey relief at this time. https://cards.twitter.com/cards/btiww/4r4sy …";49;103
"For more information regarding tickets and the @NFL's decision to reschedule #TBvsMIA. : http://bit.ly/2gH76Yq https://cards.twitter.com/cards/btiww/4r4j0 …";35;47
"The @NFL has announced that #TBvsMIA be played in Week 11 on Sunday, November 19. : http://bit.ly/2wFS7XW https://cards.twitter.com/cards/btiww/4r43d …";265;310
"Entering his 7th season, we catch up with @Julius_Thomas. : http://bit.ly/2x9wSiM https://cards.twitter.com/cards/btiww/4r3bq …";12;27
". @NdamukongSuh trains to play every single snap. : http://bit.ly/2wE4kwv https://cards.twitter.com/cards/btiww/4r1bg …";24;109
"The NFL has announced that Sunday's game will not be played at @HardRockStadium, battle of the DTs and more.https://cards.twitter.com/cards/btiww/4r12w …";51;121
"Sunday's game will not be played at @HardRockStadium. Updates regarding the game will be provided ASAP.https://cards.twitter.com/cards/btiww/4r0xo …";353;510
"Dolphins Live: Jarvis Landry meets with the media.https://www.pscp.tv/w/bH2X7jMyNzA1fDFtckdtbW5xYm5MR3kwQhmiF3eGmy7mKzQY5CGOgW4D6g_yOiKgkp4TynkFMQ== …";31;128
"- The latest roster moves - Jakeem Grant joins The Audible - Coach Gase's presser This is your #DolphinsDaily.pic.twitter.com/5LmeAME5jX";23;94
""We’re able to run the ball and we’re able to attack the middle of the field." - @julius_thomashttps://cards.twitter.com/cards/btiww/4qzgk …";11;67
""I'm just going to keep preparing." - @maualuga58https://cards.twitter.com/cards/btiww/4qz46 …";19;68
"Getting a fast start to the 2017 season.https://cards.twitter.com/cards/btiww/4qx5o …";13;34
""We know what we have, so we’ve just got to go out there and do our job.” - @KStillshttps://cards.twitter.com/cards/btiww/4qz13 …";15;92
"- Coach Gase's meets with the media - Roster moves continue - @_TheDreamIsHere on The Audible This is your #DolphinsDaily.pic.twitter.com/6u2bkUqIgp";25;60
"Start fast. : http://bit.ly/2eYHp5Z  https://cards.twitter.com/cards/btiww/4qx5o …";19;49
"We hear from Coach Gase, catch up with @KSTills and learn more about K @CParkey36.https://cards.twitter.com/cards/btiww/4qvu5 …";19;63
"Steen to start at left guard, jersey number updates and the latest on Rey Maualuga.https://cards.twitter.com/cards/btiww/4qvqu …";27;109
"The Audible With Kim Bokamper. Today's guest: Jakeem Granthttps://www.pscp.tv/w/bHxHHjMyNzA1fDFMeUdCRXJBb3dXS07Hijt5TwsTuEFbN8A4JiZVSoijZpA2A30jswrxqAhNYQ== …";6;90
"Enter for a chance to win @CityFurniture Best Seats in the Stadium! No Purchase Necessary. Rules and Entry below.https://cards.twitter.com/cards/btiww/4qqlp …";10;50
"- Roster to the 53-man limit - McDonald's contract extension - Donation hours for Hurricane Harvey Relief This is your #DolphinsDaily.pic.twitter.com/snxcDVq3Mg";27;79
"We have signed tackle Sam Young and placed center/guard Ted Larsen on injured reserve. : http://bit.ly/2xJhpmL https://cards.twitter.com/cards/btiww/4qvhw …";19;70
"Dolphins Live: Coach Gase meets with the media.https://www.pscp.tv/w/bHwajDMyNzA1fDF5TnhhbWtYZWVieGqc7ZtnR5ycd_j3DHxfOegUtuLhY6SYlhZU7Or5okNDNA== …";59;128
"Analyzing the roster after this weekend's roster moves. : http://bit.ly/2vYsZIu https://cards.twitter.com/cards/btiww/4qu8s …";9;39
"- Roster moves over the weekend - Contract extension for @tmcdonaldjr - Hurricane Harvey Relief Drive This is your #DolphinsDaily.pic.twitter.com/OGkkcGup1O";11;63
"Breaking down the 53-man roster. : http://bit.ly/2vYsZIu  https://cards.twitter.com/cards/btiww/4qu8s …";31;75
"Breaking down today's roster moves, waiver claims, practice squad additions & more. : http://bit.ly/2gDEYJA https://cards.twitter.com/cards/btiww/4qqmt …";17;43
"We have also waived linebacker Trevor Reilly and kicker Andrew Franks";38;91
"We have claimed LB Justin March-Lillard & K Cody Parkey off waivers. : http://bit.ly/2iUSIAt https://cards.twitter.com/cards/btiww/4qqma …";31;77
"We have signed 8 players to the practice squad. : http://bit.ly/2wzcTHr https://cards.twitter.com/cards/btiww/4qqlm …";47;124
"@Kold91 https://twitter.com/pff/status/904437861117825026 …";280;825
"Due to the overwhelming support from the community, we will only be accepting donations at @HardRockStadium --> http://dolphins.com/hurricanerelief pic.twitter.com/H1CYiY5yKD";58;176
"The biggest takeaways from yesterday's roster moves. : http://bit.ly/2ezFs2B https://cards.twitter.com/cards/btiww/4qqcq …";23;82
"A look at today's roster moves and more. : http://bit.ly/2ePJdOr https://cards.twitter.com/cards/btiww/4qnpo …";42;78
"We have made the following roster moves. : http://bit.ly/2vARRe9 https://cards.twitter.com/cards/btiww/4qnp9 …";71;110
"We've reached a contract extension with safety T.J. McDonald through the 2021 season. : http://bit.ly/2vU9Ur0 https://cards.twitter.com/cards/btiww/4qnoo …";107;391
". @KSTiLLS & @AsiataFive4 joined us at #TheAudible Football Friday. : https://youtu.be/jPhExMvI0V0 pic.twitter.com/ucYQj1QZGJ";16;87
""Any ball thrown my way - that's my ball." One-on-one with @DeVanteParker11 presented by @BaptistHealthSF.pic.twitter.com/ERlJV7CxCi";167;415
"Due to the amazing support of the community, starting today all donations will be accepted at only @HardRockStadium http://dolphins.com/HurricaneRelief pic.twitter.com/SayFX59iwI";24;98
". @Michael31Thomas & @Iamxavienhoward join staff & volunteers to pack trucks of donated items to send to Houston for Hurricane Harvey relief.pic.twitter.com/AX8k7GFyOM";154;630
"Preseason is in the books. This is your #DolphinsDaily presented by @Johnsonvillepic.twitter.com/ugeUI2TTCN";19;72
"@Drake, @DeVanteParker11's sense of humor, and Superman. This is Q&A presented by @BudLight.pic.twitter.com/KmznkzXpsO";37;131
"#TheAudible: Football Fridays with Kim Bokamper and Joe Rose at North Miami Athletic Stadiumhttps://www.pscp.tv/w/bHiGGjMyNzA1fDFrdkpwamtFcWdvS0XYEdnwFV3ea_P-9arI2JmtSmOVP_-lG_A_8qMC4xwo-g== …";23;100
"Recapping the preseason final and more. This is your #DolphinsDaily presented by @Johnsonvillepic.twitter.com/dxex3A47OG";15;42
"Check out all of the photos from our 4th preseason game in Minnesota.https://cards.twitter.com/cards/btiww/4qjp7 …";10;41
"See you tonight at North Miami Stadium!pic.twitter.com/q3sk32LseR";5;32
""Whenever you put me in there you can trust me and there is not going to be a slack-off." - @_TheDreamIsHerehttps://cards.twitter.com/cards/btiww/4qisa …";28;151
"The biggest takeaways from last night's preseason finale in Minnesota.https://cards.twitter.com/cards/btiww/4qi60 …";12;54
"Los Dolphins ganan el último juego de pretemporada mientras la donación en Hard Rock Stadium sigue para apoyar a Houston después de Harvey.pic.twitter.com/N475fkVjte";18;50
"- Hurricane Harvey Relief Drive - That's a wrap on preseason - 53-man rosterhttps://cards.twitter.com/cards/btiww/4qism …";8;44
"T.D. has his copy of #Madden18, how about you?pic.twitter.com/EZpO1iFWtr";74;307
""Ready to get things rolling at @HardRockStadium" - @_TheDreamIsHerepic.twitter.com/qWVwfMbNkr";41;201
"Keep bringing your donations by Gate 4 at @HardRockStadium and our Training Facility through September 15th. #HoustonStrongpic.twitter.com/SurFwwoUfS";59;152
"Today's top headlines.https://cards.twitter.com/cards/btiww/4qi1z …";9;33
". @ACohenFins breaks down @_TheDreamIsHere's big night in the final preseason game.https://cards.twitter.com/cards/btiww/4qi18 …";20;60
"Hey fans, @_TheDreamIsHere has a message for you after tonight's win. #FinsUppic.twitter.com/PeVkjaeaTU";167;635
"Big performances from @_TheDreamIsHere & @dfales10 highlight tonight's victory.https://cards.twitter.com/cards/btiww/4qfhl …";19;90
". @_TheDreamIsHere had himself a night. It's the @Hyundai Drive of the Gamehttps://cards.twitter.com/cards/btiww/4qffo …";22;96
"Dolphins Live: Coach Gase meets with the media.https://www.pscp.tv/w/bHd3wDMyNzA1fDF2T3h3T05wQXByeEKs-oMJdcYzIDdBYjYiwinYiyEkCO0QkVgGbS4Ivd6zag== …";45;141
"The final preseason game. The @PaniniAmerica photo of the game.pic.twitter.com/QzBckLgG6z";29;135
"Taking home the W. #MIAvsMINpic.twitter.com/WziEk8WdS8";339;711
"3 TDs on the night for @dfales10! Here's the #3 to @mitchmathews10.pic.twitter.com/ljojmpfvk1";227;750
"Fales finds Mitch Matthews who runs it into the end zone for six! @A_K_F_3's extra point is good. #MIAvsMIN | 30-9pic.twitter.com/hk3Gu6LcGU";59;197
"Forbath's field goal is good. #MIAvsMIN | 23-9";15;53
"Three quarters in the book. #MIAvsMINpic.twitter.com/56eIqvGSH4";52;192
"Franks' field goal is no good. Vikings take over on the 35-yard line. #MIAvsMIN | 23-6";9;46
"Back for the second half! #MIAvsMINpic.twitter.com/luRCxAEQ9Q";23;113
"Check out the photo from the first 30 minutes of action in Minnesota.https://cards.twitter.com/cards/btiww/4qf6g …";19;96
"4 Receptions. 141 Yards. 1 Touchdown. @_TheDreamIsHere's pic.twitter.com/cOUpZ8lhMw";439;1330
"Going into the half with a 17-point lead! #MIAvsMINpic.twitter.com/DSCHC1bP88";88;292
". @MartinPraiseO with the sack in the end zone for the safety! #MIAvsMIN | 23-6pic.twitter.com/vnUlOq6fac";65;194
".@dfales10 to @MarQueisG for SIX.pic.twitter.com/n5bMLr5rt8";109;294
"Fales with his second TD of the night! Finds @MarQueisG in the end zone as the half winds down. #MIAvsMIN | 21-6pic.twitter.com/dlW9bEUgTK";70;199
"65 YARDS TO THE HOUSE! @_TheDreamIsHere pic.twitter.com/OQEvzISFRO";1293;2787
"Fales to @_TheDreamIsHere for 65-yards! @A_K_F_3 converts the PAT. #MIAvsMIN | 14-0pic.twitter.com/6Ymfhu7qOu";68;221
"After one in Minnesota. #MIAvsMINpic.twitter.com/XIXG3q34YM";44;139
". @KDx32's TD = Free Frosty Get your Free Frosty at @Wendys tomorrow!pic.twitter.com/JIn01gqAph";36;120
". @KDx32 dives into the endzone for six!pic.twitter.com/TLMhAVDM33";146;398
". @KDx32 dives into the end zone for six and @A_K_F_3 converts the extra point! #MIAvsMIN | 7-0pic.twitter.com/RQWkd9IS5j";60;200
"It's go time. #MIAvsMINpic.twitter.com/iTy8D3Uxbs";121;373
"Check out all of the photos from pregame in Minnesota.https://cards.twitter.com/cards/btiww/4qevj …";11;53
"All 's on the ball for @_thedreamishere. #MIAvsMINpic.twitter.com/87rMcW7la4";14;82
"Let it fly! #MIAvsMINpic.twitter.com/sezkumgMdM";18;90
"Catch. Catch. Catch. Catch. Catch. Catch. #MIAvsMINpic.twitter.com/tmo18wvZvg";27;121
". @Filo_wiz9 getting warm for tonight's game.pic.twitter.com/pwBP2hTXoC";25;110
"Surveying the scene. #MIAvsMINpic.twitter.com/qtAuG4SY5O";19;94
"One hour. #MIAvsMINpic.twitter.com/v12cuip0hy";34;139
"To the field. #MIAvsMINpic.twitter.com/JHkgEjrRxX";25;110
"A look inside the locker room before #MIAvsMIN.pic.twitter.com/iwUfFVaZMn";20;116
"Time to work. #MIAvsMINpic.twitter.com/JOkhAoEhW9";24;127
". @tooloose26 & @StormJohnson8 #MIAvsMINpic.twitter.com/8pGE0E9oZo";16;91
"White tops for tonight's preseason finale. #MIAvsMINpic.twitter.com/2qqF7JmVsM";48;222
". @m_hull4943 taking in the stage for the fourth preseason game. #MIAvsMINpic.twitter.com/CvWpevt5Nq";13;69
"#MIAvsMINpic.twitter.com/3h7UbjD9Ou";19;114
"In the building. #MIAvsMINpic.twitter.com/GV2nTobb8B";29;116
"#CupOfJoe presented by @SiriusXMNFL. Watch today's game on @CBSMiami at 8PMhttps://www.pscp.tv/w/bHcjBjMyNzA1fDF6cUpWUk1ERXpZSkLnI9aBogjQJBogVf4wmBrd-JYtcTObL_cVxRpErwc44g== …";18;43
"#HoustonStrong Help those affected by Hurricane Harvey. Text HARVEY to 90999 to donate $10 to American Red Cross. http://redcross.org/nfl pic.twitter.com/AmPeBJ4WXg";84;202
"Watch every preseason game live with @NFL Game Pass.https://cards.twitter.com/cards/btiww/4o5jo …";8;40
"Reminiscing on the 1982 AFC Championship game against the Jets and more.https://cards.twitter.com/cards/btiww/4qcew …";14;72
"Grab your football friends, @budlight and prepare for Game Day.pic.twitter.com/inYzDUEBtb";15;94
"- Final preseason game - Hear from Coach Gase - Hurricane Harvey Relief Drive This is your #DolphinsDaily, presented by @Johnsonville.pic.twitter.com/zuRKPfbN0K";19;71
"Fighting for a roster spot tonight.https://cards.twitter.com/cards/btiww/4qarg …";15;54
"It's gameday!! #MIAvsMINpic.twitter.com/6MFGqmm7mK";172;433
"- Previewing #MIAvsMIN - Hear from Coach Gase This is your #DolphinsDaily presented by @Johnsonville.pic.twitter.com/LC0PcViRI6";15;59
"Your Gameday headlines.https://cards.twitter.com/cards/btiww/4qas2 …";15;44
"A look at some of the guys fighting for a roster spot in tonight's preseason finale. https://cards.twitter.com/cards/btiww/4qarg …";12;60
""We're just trying to get each other better, each and every day." - @iamxavienhoward Presented by @BaptistHealthSFpic.twitter.com/Eq46EgLaJv";54;148
"24 hours... #MIAvsMINpic.twitter.com/Sq7diA6wyN";39;179
