text;retweets;favorites
"For @BranchNOut90, fashion isn't just a hobby, it's a passion. This is #TheLifepic.twitter.com/2O0rwrAlxU";13;70
"Statement from Miami Dolphins Owner and Founder of Ross Initiative in Sports for Equality (RISE) Stephen Ross.pic.twitter.com/6W3mXwJO6M";10933;24570
"Breaking down the history from #MIAvsNYJ. #CountdownToKickoff Powered by @SoFlaFordhttp://bit.ly/2xA9wCi ";21;88
"SUH's gonna get you. #MIAvsNYJpic.twitter.com/3WdKUdSGqN";198;498
"#MIAvsNYJ https://cards.twitter.com/cards/btiww/4twty …";26;155
"Headed north #MIAvsNYJpic.twitter.com/PchXYltsTY";78;345
"After starting the season late, @DeVanteParker11 was thrilled to start the season with a win in California. Presented by @BaptistHealthSF.pic.twitter.com/F2VKgO0WKK";27;127
"Are you ready for #MIAvsNYJ? 9.24.17 | 1PM | CBSpic.twitter.com/S0ohMMoRLL";357;987
"Kiko Alonso is helping raise funds for those impacted by hurricanes in Puerto Rico & Miami. To support: http://YouCaring.com/Kiko pic.twitter.com/8FonpjOwuY";110;298
"@IAmXavienHoward vs. @DeVanteParker11. #25 weighs in on this matchup. This is Q&A, presented by @Budlightpic.twitter.com/hFGeIzDmxZ";16;22
"When you realize that #MIAvsNYJ is tomorrow... #FinsUppic.twitter.com/88vfbNlQ46";296;946
"#TheAudible Football Friday was back last night to preview @MiamiBTW_FB vs. @MNW_Bulls1955 : https://youtu.be/2lqcS7CpdiI pic.twitter.com/FvrFuHDjRT";10;42
"A Jupiter, FL native's dream to kick in the aqua and orange. Presented by @BaptistHealthSF.pic.twitter.com/ASh8Gq3QrJ";22;141
"From coast to coast. Your support does not go unnoticed. #MIAvsNYJpic.twitter.com/jrZWPEi5oT";150;611
"High praise coming from @JayTrain23 on the offensive line's performance in California. Check it out.pic.twitter.com/eHmAa4x57y";59;279
"Cleaning up the mistakes and going out and playing our game. Hear from @KStills ahead of #MIAvsNYJpic.twitter.com/jVTqDT3083";44;178
"The final injury report ahead of #MIAvsNYJ. http://bit.ly/2yj5awy ";13;36
"We don't recommend getting in-between @NdamukongSuh and @Kold91. #MIAvsNYJpic.twitter.com/NoLiNYupjs";812;1387
"#TheAudible: Football Fridays with Kim Bokamper and Joe Rose at Traz Powell Stadiumhttps://www.pscp.tv/w/bJQ2uDMyNzA1fDFkakdYTHFicGdOR1qe0irXCGs7gIRj2eLXLSG9zlYHll-rQWp8yizDXFojuw== …";16;50
"Telling the story of our season opener in California through your eyes. This is Ch. 2 of #TheJourney. Share yours this week.pic.twitter.com/KxLfJVOqi7";77;222
"November 27, 1994. @DanMarino to Mark Ingram.https://twitter.com/NFL/status/911334636575367168 …";215;663
"- Rotation at left guard - Familiar faces in New York - DE Fede could get looks at DThttps://cards.twitter.com/cards/btiww/4ttvu …";9;41
""As a whole, we're just excited to see the success of each other." - @God_Son80pic.twitter.com/fgiZF8Ifld";85;314
"En este edicion, nos mostraremos como el equipo gano su primer partido y como estamos ayudando a las víctimas del huracán Irma.pic.twitter.com/ePyfOCTqCc";14;61
"Dolphins Live: Coach Gase meets with the media.https://www.pscp.tv/w/bJP1_zMyNzA1fDFuQUtFZUxPV01ZS0xEfo6HfB_Zk-NMgJM4_9zun3CPlP-wHF5H-G3bskDS9w== …";47;116
"The first #MetLifeTakeover, @DanMarino's fake spike, the AFC Championship game in the 1982-83 season and more.https://cards.twitter.com/cards/btiww/4tsto …";16;64
"- Keys to success from @sammaddie29 - 1st Division game - Announcing Week 3's @RISEtoWIN award winners This is your #DolphinsDaily.pic.twitter.com/peBv7a0c0E";12;49
". @DanMarino knows the importance of giving back to the community. To the Bahamas, our hearts are with you. Presented by @Bridgestone.pic.twitter.com/OCFpsUo2Wo";56;193
". @SamMaddie29 preview's #MIAvsNYJ as the team prepares for their first divisional matchup of the season. This is your #DolphinsDaily.pic.twitter.com/bhjqwMXByR";32;76
"- Dose of @JayTrain23 - Successful special teams - Rushing defense @ACohenFins preview's Sunday's AFC East matchup.https://cards.twitter.com/cards/btiww/4tr1j …";16;91
"The latest injury report from Thursday's practice. http://bit.ly/2fE4n2i ";4;33
"Debut as an NFL defensive coordinator Hold Chargers to 44-rushing yards First win of the season http://bit.ly/2fEzyuF ";35;174
"Chase Allen was the first rookie free agent to start an opener since 1970 and racked up four tackles. http://bit.ly/2fEEgZf ";45;141
"With two days notice, we traveled to Oxnard. See how it was done. This is #TheGrind - Oxnardpic.twitter.com/gYYKMtNbKk";39;147
"From the West Coast to the East Coast, you always have our back. We'll see you Sunday for #MetLifeTakeover. #FinsUppic.twitter.com/M8tY756I3D";291;919
"Workout with a trainer courtesy of @soflaford! NO PURCHASE NECESSARY. Rules & Entry http://wearefordistas.com pic.twitter.com/nmOUdyMK8E";3;35
""I don't think you can be good at this game if you don't carry a little bit of a chip on your shoulder." - @StephoneAnthonypic.twitter.com/O3NHqkDVSf";95;339
""I've just got to play football man." ’d up with DE William Hayespic.twitter.com/z0W23Pf1CJ";231;640
"According to @IAmXavienHoward, Bobby McCain is the trash talker of the team Q&A Presented By @budlightpic.twitter.com/98WzQevYJs";36;146
"A successful rotation of the defensive line, is according to @BranchNOut90pic.twitter.com/JOmcSaG7Jt";30;117
"Yes, @DeVanteParker11 caught this.pic.twitter.com/VmxRANcPII";420;1253
"It's @bigj9797's birthday! Enjoy your day, Jordan! pic.twitter.com/HFiBymy48s";51;268
"“I don’t think the general fan realizes how much goes into this.” - Coach Rizzi This is #TheGrind - Oxnardpic.twitter.com/7YnZOBWnY2";64;201
"With 102 games against the Jets under our belt, we turn back the clock as we prepare for Sunday's #MetLifeTakeover. http://bit.ly/2yg0FTk ";28;90
"- Cutler's prep for Jets defense - Welcome to Miami, @stephoneanthony! - Parkey's performance is awarded This is your #DolphinsDaily.pic.twitter.com/jwMJqBZEqE";13;62
"Dolphins Live: Coach Gase meets with media.https://www.pscp.tv/w/bJKPCDMyNzA1fDFkanhYTG9PT1lqeFq23tsmv5CPhj2BaVfr0TLWMJKIvQZwSmwmGF2X7RHmLg== …";40;72
"Dolphins Live: Defensive Coordinator Matt Burke meets with the mediahttps://www.pscp.tv/w/bJKHXTMyNzA1fDFtckdtbUVZbGFaR3kiW7aJ2OUMUfZ0IszY01HwuC7Ny4hPe9xTwL-0FcusDw== …";28;77
"Dolphins Live: Assoc. HC/Special Teams Coord. Darren Rizzi meets with the media.https://www.pscp.tv/w/bJKCkDMyNzA1fDFsREdMa3lYQmt6S21MxKJw-MJEyfitOH16nG8QKY2wzbSns5k3qtd1m7aUIw== …";17;57
"Capitalizing on the 50/50 balls from Jay. @DeVanteParker11 has confidence in his QB when he throws it up. Presented by @BaptistHealthSFpic.twitter.com/h9XDqkFVmu";64;198
"- Wrapping up the practice week ahead of #MIAvsNYJ - Get to know Stephone Anthony - Jay Cutler on the This is your #DolphinsDaily.pic.twitter.com/onCGgllKGm";23;98
"At 10 years old,  @CParkey36 represented our team in the @NFL Punt, Pass & Kick contest.  15 years later....https://cards.twitter.com/cards/btiww/4tjes …";56;190
"Injury updates ahead of #MIAvsNYJ.http://bit.ly/2yrn952 ";22;66
""At the end of the day, fashion is about you. No one can tell you you're wrong." - @BranchNOut90 This is #TheLife.pic.twitter.com/OAciKvqSQA";25;78
"- The Clemson Connection - Phillips Powers Through Season Opener - Pouncey Impresseshttp://bit.ly/2ye8qcz ";13;64
"Sunday secured our 10th win in the past 12 regular season games. Our best record in that span since the 1992-93 seasons.pic.twitter.com/ScI9mdz7wk";145;432
"The fundamentals and training of the off-season all paid off on the 54-yard game winning kick for @CParkey36. Presented by @BaptistHealthSFpic.twitter.com/KR49dylfpF";21;98
"The Audible With Kim Bokamper. Today's guest: Andy Cohenhttps://www.pscp.tv/w/bJFv6DMyNzA1fDF6cUtWUmVWWWpsS0LiFHHuVvVClj-XefYCYnZiWbvoVtT_HzvPwRCMWPe3Kg== …";23;49
"Dolphins Live: Jay Cutler meets with the media.https://www.pscp.tv/w/bJFk6TMyNzA1fDFrdkpwamVWcUFtS0Wc2ycVeHhq2hJygWEhszn_-Vjpc3iqmTalNBWKEZM1ZA== …";79;194
"In his first game in the aqua and orange, @CParkey36 tied the team's record for most field goals in a season opener.pic.twitter.com/QjvvpZLOuX";30;194
". @MarQueisG played QB in high school and college, he knows the responsibilities that come with the job. Walk & Talk Fueled by @Gatoradepic.twitter.com/wBHbUudvd9";55;201
"Helping those affected by Hurricane Irma. https://cards.twitter.com/cards/btiww/4tdl9 …";12;59
"- Preparing for #MIAvsNYJ - First divisional game of the season - Helping those affected by Hurricane Irma This is your #DolphinsDaily.pic.twitter.com/vJAK0HFGZS";12;62
". @God_Son80 breaking the record of 9 receptions easily this past Sunday.pic.twitter.com/0No221zxpA";112;384
"Stopping the run on the West Coast.pic.twitter.com/vk0HxwTngo";53;204
"- The fake spike touchdown against The Jets - Top takeaways from Week 2 - Early Heisman favoriteshttp://bit.ly/2ydW2tj ";12;52
"Only the 7th QB in team history to post a passer rating greater than 100 in a season opener.pic.twitter.com/AxLZzXn4ip";234;715
"Game winning field goal ✔︎ Congrats to @CParkey36 on being named the AFC Special Teams Player of the Week!pic.twitter.com/LB2Byv5D26";324;1174
". @CParkey36 is the AFC Special Teams Player of the Week! Parkey was 4/4 during #MIAvsLAC including the 54-yard game winnerpic.twitter.com/6p7aTHh3xk";226;604
"- Time to focus on the Jets - Players and staff pass out meals and items to those affected by Irma This is your #DolphinsDaily.pic.twitter.com/y1Pn0cC0SQ";24;62
"Answering your questions.https://cards.twitter.com/cards/btiww/4tc5f …";9;47
"We are here to help the South Florida community and all those affected by Hurricane Irma.pic.twitter.com/hGGPuToGOw";39;196
"Step into the spotlight. : @runjewelspic.twitter.com/Cb9d5xwTlf";240;725
"Players and staff joined @aarpcares to pass out meals and distribute items to those affected by Hurricane Irma at a local relief shelter.pic.twitter.com/Ap4pJZzkWY";38;157
"- Parkey's nomination - Broadcast crew for Sunday announced - One Florida decals - Hurricane Irma Reliefhttps://cards.twitter.com/cards/btiww/4t7ku …";13;63
"We have acquired linebacker Stephone Anthony in a trade with the New Orleans Saints in exchange for a 2018 undisclosed draft pick.";646;1712
"For @CParkey36, putting on the uniform of a team he grew up cheering for was a dream come true. One-On-One Presented by @BaptistHealthSFpic.twitter.com/Xe0hKFG1ey";66;228
"Enter to win a trip for 2 to watch us play in London courtesy of @AirEuropa! For official rules and to enter http://www.dolphins.com/aireuropa pic.twitter.com/pAjolV1ygm";13;52
". @God_Son80's 13 receptions during #MIAvsLAC matched his career high set back in 2015. : http://bit.ly/2hgpDeN https://cards.twitter.com/cards/btiww/4t792 …";27;115
"We have suspended linebacker Lawrence Timmons indefinitely.";1203;2477
"Wishing @SenoriseP a Happy Birthday!! pic.twitter.com/1SXsFZXPRP";43;253
"Go behind the lens while the team opened up their season with a win.http://bit.ly/2xeSLKK ";14;61
"54-yard game winner. Cody Parkey's performance is up for @CastrolUSA #ClutchPerformer. Get Your Votes In: http://bit.ly/2xPfe4q pic.twitter.com/qh6rtYJWzm";43;220
"Parkey + #ClutchPerformerhttps://twitter.com/nfl/status/910186883002617856 …";166;475
"Enter to win the Ultimate VIP Snacking Experience courtesy of @Snyders_Hanover. No Purchase Necessary, Rules/Entry: http://www.dolphins.com/snyderslance pic.twitter.com/Tq0l2WCLbZ";7;34
". @NdamukongSuh had quite the Suh-prise for Isaiah and his family.pic.twitter.com/6E4CmMx89I";128;514
"- Starting off the season with W - Coach Gase discusses the run defense - Parkey stops by the Audible This is your #DolphinsDaily.pic.twitter.com/RIoiPDVPyJ";20;140
"A look back at Sunday's victory.https://cards.twitter.com/cards/btiww/4t4zb …";15;72
". @JohnCongemi has your #MIAvsLAC recap, hear from the guys following the win and taking home the win. This is your #DolphinsDaily.pic.twitter.com/EwgeXdEIZd";20;63
"A look at #MIAvsLAC through the .pic.twitter.com/SaCpZI2FRK";42;223
"- Hull leads team with 10 tackles - Defense allows only 44 rushing yards - Reshad returns - Happy to be homehttp://bit.ly/2henTlU ";63;187
"“Anytime we go on the road and come out with a W, no matter what it looks like, we’ll take it.” http://bit.ly/2hcZbCF ";39;235
""Next time, Kenny, just do it in slow motion." @LT_21 has some celebration feedback for @KStillshttp://bit.ly/2hczh1H ";30;99
"- Breaking down yesterday's win over the Chargers - Defense stops the run - Parkey's clutch performance This is your #DolphinsDaily.pic.twitter.com/tHlDO30MgZ";20;90
"Dolphins Live: Coach Gase meets with the media.https://www.pscp.tv/w/bI6-kDMyNzA1fDF5bktPVnBwV1lPeFJvl4xqnuz_5FwzqlspchcLFUXWhXHcKIlaU-0XDTTGgw== …";61;150
"28 attempts 122 yards 4.4 yards per carry Don't miss out on @JayTrain23's highlights from #MIAvsLAC.https://cards.twitter.com/cards/btiww/4sz6v …";93;370
""We know how to stick it out and find a way to win.” - @KStillshttp://bit.ly/2hczSUW ";27;147
""We had a great crowd out here cheering for us.” - @NdamukongSuhhttp://bit.ly/2hdKf74 ";25;150
"24/33 for 230 yards, and a TD pass to @KSTiLLS for Cutler.http://bit.ly/2hdruRl ";93;434
"The Audible with John CongemiToday's guest: Cody Parkeyhttps://www.pscp.tv/w/bI6ZbjMyNzA1fDFtckdtbVFyb0RuR3kCRKzQJowbP9D6hR34rW-1Qtsyt4q0IxoCix6KXuLllg== …";17;80
"You're going to want to watch these highlights from the west coast again. #MIAvsLAChttps://cards.twitter.com/cards/btiww/4sz6m …";28;116
"Check out all of the top photos from yesterday's victory in LA.https://cards.twitter.com/cards/btiww/4sz25 …";19;84
""There were certainly a lot of Dolphins fans..." #FinsUppic.twitter.com/7h0qtQ1WJg";148;501
"VICTORY MONDAY! #FinsUppic.twitter.com/JOkST0tysv";557;1344
"Breaking down our victory over LA.https://cards.twitter.com/cards/btiww/4sy73 …";33;128
""We just have to clean a few things up, but we are right there at the edge of blowing the doors off."http://bit.ly/2y8jIze ";86;377
"@DeVanteParker11 goes vertical. Your @PaniniAmerica Photo of the Game.pic.twitter.com/tf9RitDV3k";99;353
"- @JayTrain23's fast start - @cparkey36's clutch kick - Looking at the guard position - Pouncey's emotional dayhttps://cards.twitter.com/cards/btiww/4sv38 …";36;175
"pic.twitter.com/ZuVqS9O6GQ";109;509
"You think @JayTrain23 was pumped for this win? #FinsUppic.twitter.com/4uWJ7IOjtE";521;1341
""One down." #FinsUp from @Michael31Thomas!pic.twitter.com/CPXYUuWBRQ";207;576
"The @JayTrain23 left the station with 122 yards in our season opener. #MIAvsLACpic.twitter.com/CKxwa7vfJ4";557;1949
"Current Mood. #FinsUppic.twitter.com/vwLGRt6R34";230;605
"WE'RE COMING HOME! #FinsUppic.twitter.com/RLA7lM79dY";507;1404
