text;retweets;favorites
"Go inside the helmet of the 2017 first round draft pick. Mic'd Up With Charles Harris.pic.twitter.com/N26RAiffZV";87;339
""It's exciting to be on this side with my whole family and the team." - #JayTrainhttp://bit.ly/2xGD5jD ";12;58
"From the plane to the practice field. First practice in is in the books! #UKFins #FinsUppic.twitter.com/GYI8KEAcfe";70;285
"Find out how center Mike Pouncey would classify the offensive line meeting room. This is Q&A Presented by @budlight.pic.twitter.com/xDgeQt8MWX";14;55
"Tamara es su presentadora en esta edición. Averigüe dónde el equipo recientemente pasó su tiempo en la comunidad y mucho más.pic.twitter.com/G6eCYfMsBG";13;26
"Slowing down Brees, creating lanes for @JayTrain23 and stopping the short pass are .https://cards.twitter.com/cards/btiww/4uwfa …";5;42
"- Landed in London and straight to the practice field - #NOvsMIA Preview - @RISEtoWIN Award Winners This is your #DolphinsDaily.pic.twitter.com/tT6HyySY0t";16;49
"The Audible With Kim Bokamper. Today's guest: Joe Rosehttps://www.pscp.tv/w/bJ0bcDMyNzA1fDFNbnhubXB6V2dqSk_IVKZb_ZBi3XNW8lXupRQk5xSfFf0V1g1fro-SwE76bg== …";16;53
"Stop by @HardRockLondon on Friday and Saturday, the Official Miami Dolphins Pub! #UKFinspic.twitter.com/69DNS0evDh";20;53
"He's back home. #JayTrain #UKFinspic.twitter.com/4EJLqvy9JO";62;231
"Happy to be back in .pic.twitter.com/2WbHDNg10V";150;622
"Dolphins Live: Jay Ajayi meets with the media.https://www.pscp.tv/w/bJztuDMyNzA1fDFPeUtBclZrb0JNR2Jjl75smn0jUGDC1Zw0bmLjqtAWBL0p3qsERsm90Z7oHw== …";37;145
"Dolphins Live: Coach Gase meets with the media after today's practicehttps://www.pscp.tv/w/bJzpxzMyNzA1fDF5cEtkbGRqbk5xS1dsLhBI5btOlXhm4Ug-9rAGsRU8CCnJN1KxfJ_DJMJyKQ== …";25;56
"- Touched down in London - Previewing Sunday's game at Wembley - Keys to victory This is your #DolphinsDaily.pic.twitter.com/3uxqivv8p5";25;79
"Getting things started fast.http://bit.ly/2x1IW0X ";12;30
"2 DAYS! #UKFinspic.twitter.com/dXq0P86a2Q";55;210
"The latest injury report as the team travels to London.http://bit.ly/2wmg3x7 ";20;41
""I saw great intensity, I saw guys moving fast, I saw guys executing the right way." - Coach Gasehttp://bit.ly/2xNQxo1 ";9;58
"Preparing for practice after a flight across the pond, discussions at the linebacker position and more.http://bit.ly/2xOGSgV ";14;55
"Dolphins Live: Jay Cutler meets with the mediahttps://www.pscp.tv/w/bJzo7jMyNzA1fDF5bkpPVmFtclZrR1KEXCbzGBGQbFyJt075dqZylwV9o-fdIoWnqtKoWeJNTQ== …";22;70
"Looking good, London! #UKFinspic.twitter.com/04q0WJKsJO";81;360
"This Sunday will be the 12th matchup against the Saints. Look back at some of the most memorable games.http://bit.ly/2xPeE5R ";27;94
"The #JayTrain is making his way back to London. 10.1.17 | 9:30 AM | FOXpic.twitter.com/qojo9CrM9E";171;478
"From undrafted rookie to starting the first two games, LB Chase Allen is taking it all in one game at a time. Presented by @BaptistHealthSFpic.twitter.com/jMv0BgZIua";117;353
"Veteran Alex Mera got a behind the scenes look to training camp with @soflaford. Thank you to all who have served.http://bit.ly/2wZRCtT ";4;29
"- Crossing the pond to London - @apoupartFins joins Kim Bokamper to answer questions on The Audible This is your #DolphinsDaily.pic.twitter.com/XKfNi1lD5y";3;22
"Dolphins Live: Defensive Coordinator Matt Burke meets with the media.https://www.pscp.tv/w/bJvEnTMyNzA1fDFSRHhsbWFFWlhnS0xYDHkyc57Lq1u32Gq5sDBR2DXYFR7bng1CVu-TYMZX6w== …";22;69
"Dolphins Live: Assoc. HC/Special Teams Coord. Darren Rizzi meets with the media.https://www.pscp.tv/w/bJu9yzMyNzA1fDFEWHh5T3Ztd292R00oCp5zU_uyBm3zNJrTz0gHaaAVX0ZUhFtPqXeg4v94Wg== …";16;46
"- From South Florida London - #JayTrain & Jay Cutler address the offense - @BranchNout90's gift to his mom This is your #DolphinsDaily.pic.twitter.com/bOLFCL4RyN";15;61
"The focus is on getting better for Sunday.https://cards.twitter.com/cards/btiww/4uprp …";18;76
"The latest injury report prior to #NOvsMIA.http://bit.ly/2xCjTDW ";15;47
"We'll see you soon, London. #UKFinspic.twitter.com/Zc4T54LVjI";135;585
"- The American Bowl in 1988 - The top takeaways from Week 3 - Who is your favorite band?http://bit.ly/2xCyPl8 ";16;58
"The Audible with Kim Bokamper Today's guest: Alain Pouparthttps://www.pscp.tv/w/bJqqvzMyNzA1fDFlYUtibU56eU1keFjtg1acIp1VlUZ0GjKvuU--RfaQ4E9cEyRULQjmMIeHQg== …";6;28
"The first @NFL player to have his own #TwitterEmoji, #JayTrain! #JayTrain #JayTrain pic.twitter.com/T8xkTsJyBR";908;1940
"Dolphins Live: Jay Cutlerhttps://www.pscp.tv/w/bJqhYDMyNzA1fDFqTUpnUGVRZWRleEwlb_icdutYuWJGaMUgqSDXYr7wswsZyfs-QNlt6Wkpcw== …";26;81
"Movement around the LB position, where to properly place Stephone Anthony, targeting Julius Thomas and more.https://cards.twitter.com/cards/btiww/4ugxx …";18;47
"- Preparing for our trip to London - @DanMarino discusses giving back to the community - Annual Backpack Event This is your #DolphinsDaily.pic.twitter.com/GZL2vXrLG6";17;55
"Dolphins Live: Coach Gase meets with the media.https://www.pscp.tv/w/bJpxYzMyNzA1fDFybXhQcWdlWERqS07SRgDxwTsOUyMlSbDX7hwUIM93eSjT9QWP1OBloXLpyw== …";35;83
". @MDCheer taking in the sights of London ahead of Sunday's game! #UKFinspic.twitter.com/aHiSnyiFQg";30;152
"10 questions with @dgodch1.https://cards.twitter.com/cards/btiww/4uewf …";21;57
"Congratulations to our Week 4 @RISEtoWIN award winners for their leadership on and off the field!https://cards.twitter.com/cards/btiww/4ufmo …";11;45
"- Fan festivities in London - Team and @MDCheer distribute school supplies - @DanMarino on Madison Ave This is your #DolphinsDaily.pic.twitter.com/ashDUIQagy";15;48
"Our 4th annual Back to School Backpack Event was a huge success! We distributed 's to Orange Brook Elementary and Blanche Ely High School.pic.twitter.com/BMlkfh42eB";32;160
"After DE Andre Branch signed his contract extension, he had one person on his mind, his mom. This is @BranchNOut90's #FinStory.pic.twitter.com/dGnkNq4lCa";172;478
""We go back to the drawing board and hone in on our technique." - j_bushrod7475 One-On-One Presented By @BaptistHealthSFpic.twitter.com/1VQrmufxP0";23;82
"We have reinstated linebacker Lawrence Timmons and have waived linebacker Justin March-Lillard.";229;760
"It's been 10 years since our first game across the pond. Take a look at our notable stats playing at Wembley.https://cards.twitter.com/cards/btiww/4ubtj …";21;77
"- Allen & Godchaux soaking in the moment - Defense allowing 3.1 yds per rushing attempt - London's callinghttps://cards.twitter.com/cards/btiww/4ubdu …";9;38
"- Preparing for the team's travel to London - @IAmXavienHoward's Q&A - LB @M_Hull4943 joins The Audible. This is your #DolphinsDaily.pic.twitter.com/WUrJRYL2Tv";5;38
"Stop by @HardRockLondon on Friday and Saturday, the Official Miami Dolphins Pub! #UKFinspic.twitter.com/Qd7tY7GEJG";50;135
"- London's calling - @m_hull4943 discusses the team's mindset - Get to know @IAmXavienHoward This is your #DolphinsDaily.pic.twitter.com/gIH66ow4jO";16;44
"Hear from Cam Wake after yesterday's game and the team turns their focus to taking on the Saints in London. This is your #DolphinsDaily.pic.twitter.com/2kbtgwgoSJ";28;65
"Regroup and get better.https://cards.twitter.com/cards/btiww/4u6op …";24;97
"- Recapping #MIAvsNYJ - Hear from @Kold91 after Sunday's game - All focus on #MIAvsNO in This is your #DolphinsDaily.pic.twitter.com/1reDXlw83e";11;34
"- Potential lineup changes on Sunday - Analyzing the defense - RB snapshttps://cards.twitter.com/cards/btiww/4u6dk …";11;39
"Dolphins Live: Coach Gase meets with the media.https://www.pscp.tv/w/bJf5tDMyNzA1fDFlYUtibU5NbWdYeFiIg4UqPmLxg_7NjZhYd_Fx6kFk6P9fEr7l8SyDX3TtYQ== …";38;98
"Analyzing yesterday's loss on the road.https://cards.twitter.com/cards/btiww/4u5iq …";11;43
"The Audible With Kim Bokamper. Today's guest: Mike Hullhttps://www.pscp.tv/w/bJfDBjMyNzA1fDFkanhYTFBCRUFSeFpWf7Xw4a9fbvt6iNLNgKLjXcAB7334uJ3gHHDGrAoV-w== …";16;49
"Breaking down yesterday's loss.https://cards.twitter.com/cards/btiww/4u4bd …";11;57
"Hear from Coach Gase, Ndamukong Suh, Cam Wake and Jay Cutler.https://cards.twitter.com/cards/btiww/4u0jq …";15;63
