text;retweets;favorites
". @NdamukongSuh and @BallOut_96 checking out tonight’s @STA_Football/ @DB_BucksFB game! Watch: http://facebook.com/MiamiDolphinsH …pic.twitter.com/MvRSFViXkO";21;69
"We are live! @STA_Football hosts @DB_BucksFB. Watch: https://www.facebook.com/MiamiDolphinsHighSchoolLive/videos/162552254327554/ …pic.twitter.com/KyvmN9MYA6";5;25
"#TheAudible: Football Fridays Presented by @UMiamiHealth with Kim Bokamper and Joe Rosehttps://www.pscp.tv/w/bKajGjMyNzA1fDFEWHh5T2RlUFBSR02QRJWArYldNUAYoeV9LdxfvZ5R95FU0f770QgS9nroEw== …";17;51
"- Back home at @HardRockStadium - Rizzi’s return rules - Three face former teamhttp://bit.ly/2xZQkw7 ";6;24
". @BranchNOut90's favorite movie? Training Day starring Denzel Washington. This is Q&A, presented by @BudLight.pic.twitter.com/4WOgrXVib0";15;64
"Miami Dolphins High School Live";1;1
"Tune in on Facebook Live at 6:55 tonight as @STA_Football hosts @DB_BucksFB. Click below to watch.https://cards.twitter.com/cards/btiww/4vqd1 …";20;37
"Diving into the #TENvsMIA home opener. 10.8.17 | 1:00 PM | CBSpic.twitter.com/C0Pn77FtAI";133;364
"Los Dolphins regresan al Hard Rock Stadium contra los Titans de Tennessee este domingopic.twitter.com/Mgo8ZMYU6b";13;45
"A limited number of tickets for our home opener have been returned by the visiting team - get your tickets today!https://cards.twitter.com/cards/btiww/4vpg5 …";13;41
"- Previewing #TENvsMIA - The guys are ready for a physical game - @RISEtoWIN winners This is your #DolphinsDaily presented by @UMiamiHealthpic.twitter.com/cijxJb4YAh";10;34
"Reminiscing on the 1994 home opener against the Patriots, Shula’s final home opener and more.http://bit.ly/2xmKral ";9;46
"- Previewing #TENvsMIA - @RISEtoWIN Week 5 winners - @BranchNOut90 & Pouncey This is your #DolphinsDaily presented by @UMiamiHealthpic.twitter.com/2zqfJDdyY4";16;40
"Previewing Sunday's game against the Titans.https://cards.twitter.com/cards/btiww/4vo1r …";11;48
"The latest injury report ahead of #TENvsMIA.http://bit.ly/2xXWxIV ";10;39
""We’ve just got to start playing as a whole unit." - Center Mike Pounceypic.twitter.com/QLbu6CRakD";21;131
"- Maualuga takes snaps with first team defense - Defensive takeaways - Christensen provides update on Asiatahttp://bit.ly/2xWRs3F ";16;45
"When SUH says just let your LSU play kick in, you do it. We caught up with @dgodch1 in this One-On-One presented by @BaptistHealthSF.pic.twitter.com/Yu8QASb7hR";34;94
""For us, we want to start this train again." - @God_Son80pic.twitter.com/m6zXykiz9d";51;168
"This Sunday. Home opener. 10.8.17 | 1:00 PM | CBSpic.twitter.com/CCgrtdJC0N";96;281
"- Griese’s career game - @sammaddie29’s three picks - @Kold91’s four sacks in one quarter.http://bit.ly/2xXvcXk ";8;36
"We're coming home. #TENvsMIApic.twitter.com/1wPI85TyaC";103;470
"Hear from the coordinators as the team prepares for Sunday's home opener against the Titans.https://cards.twitter.com/cards/btiww/4vk79 …";4;32
"- The latest roster moves - Hear from Juice and Bobby - Prepping for The Titans This is your #DolphinsDaily presented by @UMiamiHealthpic.twitter.com/yqzwt6UkGT";9;38
"Dolphins Live: Coach Gase meets with media.https://www.pscp.tv/w/bKUDwTMyNzA1fDFSRHhsbXlPeXBnS0wvQQW1baL9f9GRUZOh-9rvurke8-d0hU80EGhcUTaoIw== …";24;56
"Dolphins Live: Offensive Coordinator Clyde Christensen meets with the media.https://www.pscp.tv/w/bKT_7zMyNzA1fDFPZEtyb1htV1F2R1i-sk6FiJxkP46WKAmsVO7CuptoyBz6VhoFrJZKIMtIbw== …";15;52
"Dolphins Live: Assoc. HC/Special Teams Coord. Darren Rizzi meets with the media.https://www.pscp.tv/w/bKT3uTMyNzA1fDFlYUpibWF3d21rR1gSpqoYuTDc63LmaEbkg-pJnVL1C_zLH_0ZkLwuvSuSfw== …";12;35
"“These guys are going to be good.”https://cards.twitter.com/cards/btiww/4vivn …";15;62
"- @God_Son80 & Bobby McCain - Sunday's home opener - Catch up on The Audible This is your #DolphinsDaily, presented by @UMiamiHealthpic.twitter.com/IF0BXW4l0D";19;57
""I can't wait to go out there and play in front of our home crowd.”http://bit.ly/2fLIttW ";48;184
"The latest injury report ahead of Sunday’s home opener.http://bit.ly/2xUtki9 ";7;37
"140 TDs between the Marks Brothers. @SamMaddie29 caught up with the WR tandem. This is #MadisonAve, presented by @Bridgestone.pic.twitter.com/G8swiQOO4f";29;80
"This weekend’s game is our #CrucialCatch game. We are #CancerFighters for all of those impacted.https://twitter.com/TackleCancer/status/915577429695123457 …";19;77
"- Fasano faces former team - Gase impressed with Charles Harris - Strong run defense performance - The long ballhttp://bit.ly/2yIPv9V ";13;36
"The Audible with Kim Bokamper presented by @UMiamiHealth. Today's guest: James Walkerhttps://www.pscp.tv/w/bKPi3zMyNzA1fDF5bkpPVkRRV3JuR1KeZ9AEBibrfUagB2cjk6BStXlX-Mv3wMFW7QJbBmvX9A== …";14;45
"Dolphins Live: Jay Cutler meets with the mediahttps://www.pscp.tv/w/bKPblTMyNzA1fDFPeUtBclp3WFlNR2L9EQHzeGmPnw6IHVmF2dn9aNh6s8a2naJNnNxfsWY3yA== …";43;99
"- First home game since week 2 of preseason - Back to work in Davie This is your #DolphinsDaily, presented by @UMiamiHealthpic.twitter.com/sLEFYGpEka";6;32
"Looking back on the 1994 opener against the Patriots, MVP run, predictions for the Miami-FSU game.http://bit.ly/2yJ5y83 ";9;64
"Congratulations to this week's @RISEtoWIN award winners.https://cards.twitter.com/cards/btiww/4vd1b …";16;67
"- Time to prepare for the Titans - Playing in front of our fans at @HardRockStadium This is your #DolphinsDaily presented by @UMiamiHealthpic.twitter.com/9KMkeGwXgF";19;52
"Leadership is key is on the field and in the locker room.https://cards.twitter.com/cards/btiww/4vcoi …";8;49
". @YBatoba has the latest news and updates from Davie. This is your #DolphinsDaily presented by @UMiamiHealthpic.twitter.com/TFNQsCzPv5";13;44
"How would Cordrea Tankersley describe his first start in the NFL? Find out in this One-On-One presented by @BaptistHealthSF.pic.twitter.com/UaFm1GwEaf";36;133
"Focusing on the present.http://bit.ly/2yGkIuv ";12;61
"Perfect the pregame. #UberTAILGATE Learn More: http://hardrockstadium.com/uber/ pic.twitter.com/aTeNYuqxbe";5;30
". @bigyoungin76 caught up with @coleman_crozier about his high school experience at @STA_Football. Walk & Talk Fueled by @Gatorade.pic.twitter.com/IBUIITXUvE";42;101
"We have placed tackle Eric Smith on injured reserve and promoted cornerback/safety Jordan Lucas to the active roster.";44;235
"Sunday’s game marks the fifth time we have played the Titans in our home opener.http://bit.ly/2xRyqvm ";17;74
"Enter to win the Ultimate VIP Snacking Experience courtesy of @Snyders_Hanover. No Purchase Necessary Official Rules http://www.dolphins.com/snyderslance pic.twitter.com/gn9jVwyxuo";4;25
". @TackleCancer is kicking off our Crucial Catch Week! Join us as we #InterceptCancer.https://twitter.com/TackleCancer/status/914468984782770177 …";40;118
"- First home game of 2017 is approaching! - Coach Gase meets with the media This is your #DolphinsDaily, presented by @UMiamiHealthpic.twitter.com/hDSf32wGQb";26;53
""We can absolutely clean this up very simply by doing what we’re supposed to do" - Coach Gasehttps://cards.twitter.com/cards/btiww/4v88u …";35;141
"- Recapping #NOvsMIA in London - 2017 home opener at @HardRockStadium this Sunday This is your #DolphinsDaily, presented by @UMiamiHealthpic.twitter.com/CQ9Xfbj3h4";9;36
"The Audible with Kim Bokamper. Today's guest: John Congemihttps://www.pscp.tv/w/bKFACTMyNzA1fDFPd3hXb1luemxSeFH9m6IuLUWbBukgXPPdcIY3emlHOwHnIAZA2y0d20RsxQ== …";14;45
"Dolphins Live: Coach Gase meets with the media.https://www.pscp.tv/w/bKE08jMyNzA1fDFtckdtbXlObHpXR3ngMQW4uR-WFwkk-JQKDxJnAo73OHzrq6XbDYHykqRLFQ== …";42;89
"Our thoughts and prayers are with all of those affected by the tragedy in Las Vegas.";326;1167
