text;retweets;favorites
"Oronde Gadsden is ready for this game to get going! Watch here: https://www.facebook.com/MiamiDolphinsHighSchoolLive/videos/165462757369837/ …pic.twitter.com/9WLJV5yCUT";14;75
"Pat Surtain is in the building for tonight’s high school game! Tune in now: https://www.facebook.com/MiamiDolphinsHighSchoolLive/videos/165462757369837/ …pic.twitter.com/HUtEJUXtJa";12;61
"#TheAudible: Football Fridays Presented by @UMiamiHealth with Kim Bokamper and Joe Rosehttps://www.pscp.tv/w/bK_d0TMyNzA1fDFlYUticWJianJaeFgO5j3bVzORd_ipgLm9pn8123bPiECwoUbXSj452WOfCA== …";21;41
"Two undefeated teams go head-to-head tonight. Catch it LIVE on Facebook! Watch: http://facebook.com/MiamiDolphinsHighSchoolLive …pic.twitter.com/5InkB3Y1V9";7;27
"33-yard TD reception over the shoulder? Not a problem for @LeonteCarroo1. 10.15.17 | 1:00 PM | CBSpic.twitter.com/oI9NPmVBK4";56;285
"Streaming live tonight! . @GibbonsFootball hosts American Heritage! Click below to watch.http://bit.ly/2yk4Xuv ";8;20
""HARRIS THE ROOKIE! GOT HIM TO THE GROUND!" Coach Gase breaks down @charles_ao1's first sack.pic.twitter.com/19YdPQ5cAd";45;150
"Dolphins Live: Coach Gase meets with the media.https://www.pscp.tv/w/bK-eaTMyNzA1fDF2QXhSTlFPT3F6eGw_oP4K34Orl8o7VAmB65goKG_8qFnnxl3R0qjSfs-O5w== …";23;52
"Averigüe cómo los Dolphins continúan su trabajo en la comunidad y mucho más.pic.twitter.com/SZZjrXrDTg";4;36
"When Harriet was diagnosed with cancer, her coworkers didn't leave her side. This is Harriet's #FinStory presented by @AutoNation.pic.twitter.com/ysmIhfjYxB";14;46
"Previewing Sunday's game in Atlanta.https://cards.twitter.com/cards/btiww/4whne …";15;42
"- We have your #MIAvsATL preview - Hear from Coach Gase - @RISEtoWIN Award Winners This is your #DolphinsDaily, presented by @Aquafina.pic.twitter.com/9cjXYhvvkY";10;38
"The latest injury report ahead of #MIAvsATL.https://cards.twitter.com/cards/btiww/4wdgd …";9;37
"Communication creates positive change.pic.twitter.com/zdWbROeQWh";173;489
"- Pouncey’s Practice Schedule - @God_Son80 makes memories - Defense’s motivation - DT Planhttp://bit.ly/2wSDoGP ";9;44
"It took only one snap for LB Rey Maualuga to get the butterflies out. One-On-One Presented by @BaptistHealthSFpic.twitter.com/JkEMpEjv5P";23;101
"Is it gameday yet? #MIAvsATL 10.15.17 | 1:00 PM | CBSpic.twitter.com/L46bqFiWEF";83;250
"Hear from Coach Gase and the coordinators ahead of Sunday's game in Atlanta.https://cards.twitter.com/cards/btiww/4wcny …";8;32
". @CityFurniture is giving away the ultimate fan experience! Enter now to win the Best Seats in the Stadium! --> http://www.cityfurniture.com/bestseats pic.twitter.com/265f00A5Gg";8;36
"- Sound bites from Coach Gase - Your #MIAvsATL preview - @RISEtoWIN weekly winners This is your #DolphinsDaily, presented by @Aquafina.pic.twitter.com/qpxNOAJz4F";8;31
"Week 6. We're ready for you. #MIAvsATLpic.twitter.com/MKIrozxAfe";93;261
"Hear from Jay Cutler and @NdamukongSuh ahead of Sunday's game against the Falcons. This is your #DolphinsDaily, presented by @Aquafina.pic.twitter.com/0SbQ82FgOw";10;46
"Dolphins Live: Coach Gase meets with the media.https://www.pscp.tv/w/bK4-1TMyNzA1fDFNWUdOWGxwcHpOeHcM1NvizPPfMLLR90cbEt_r3kIRNKAEATcWen3KIXLrXw== …";34;88
"Dolphins Live: Offensive Coordinator Clyde Christensen meets with the media.https://www.pscp.tv/w/bK46kTMyNzA1fDF2T3h3T2RBZ21SeEIBPMmUntBZJbF3AfsBqKf6-se4IMSjEInQfqHARMWlkg== …";19;47
"Dolphins Live: Defensive Coordinator Matt Burke meet with the media.https://www.pscp.tv/w/bK424DMyNzA1fDFtcnhtbUJSTHFOeHlJ9iYjmLB--MaQzVH8LS4NHzN-aP_e84p9mH4vjI4QBQ== …";22;50
"Dolphins Live: Assoc. HC/Special Teams Coord. Darren Rizzi meets with the media.https://www.pscp.tv/w/bK4ykzMyNzA1fDFPd0dXb2VNbW1NR1G3NaiHvKUvy7jZoIpJot5vQ3m-6EiGoXCC00D8nx8YEA== …";11;42
"Taking a walk down memory lane ahead of #MIAvsATL.http://bit.ly/2ydVpRq ";17;49
"During Sunday's home opener, we recognized our @RISEtoWIN award winners!pic.twitter.com/js5ysHohrg";16;58
"New and familiar faces have been making a big impact on defense.https://cards.twitter.com/cards/btiww/4waln …";8;39
"- MVP after four games - Top takeaway from Week 5 - Favorite Star Wars characterhttp://bit.ly/2z1O9HG ";15;53
"- Injury Update - Steen finds his role - Week to week at tight endhttp://bit.ly/2wPG5cp ";6;36
"Miss Jarvis' performance during the home opener? Check it out. Mic'd up with @God_Son80.pic.twitter.com/e8QiATm1em";85;240
". @charles_ao1 had his first sack in his NFL career this past Sunday, and is eager to add more. Presented by @BaptistHealthSFpic.twitter.com/xPAAOYue7Y";39;130
"Follow along at http://bit.ly/2yef57R  this Friday!https://twitter.com/CGHSChiefs/status/918211037152858116 …";7;24
"The Audible with Kim Bokamper presented by @umiamihealth. Today's guest: Jason Lieserhttps://www.pscp.tv/w/bK0fkjMyNzA1fDFPeUpBcmpienZ6eGJ22fXoI9f8fSlzOmu3Zx9UrP3RHv570HxgqcvpF6q4qg== …";12;39
"  @reshadjones9 https://twitter.com/PFF/status/917936797279227904 …";191;650
"Congratulations to this week's @RISEtoWIN Award Winners!https://cards.twitter.com/cards/btiww/4w6k9 …";10;36
". @MDCheer Ally has the latest news and updates as the team prepares for Sunday. This is your #DolphinsDaily, presented by Aquafina.pic.twitter.com/26elr7p28c";9;46
"Dolphins Live: Coach Gase meets with the media.https://www.pscp.tv/w/bKzloTMyNzA1fDF6cUtWUmRERVFtS0I9avdfw6rsMA3Mq9Sw6ayhvFPVwJOkJOu0BaFzSV8emQ== …";33;64
"We have named Dave DeGuglielmo as a senior offensive assistant.pic.twitter.com/d75EkXiZ4J";179;587
"- Focusing on the Falcons - Ride Along with North Miami PD & Broward Sheriff's Office This is your #DolphinsDaily, presented by @Aquafina.pic.twitter.com/RGt5VMw3Mq";11;49
". @ACohenFins caught up with the tight end during his second stint with the team.https://cards.twitter.com/cards/btiww/4w56t …";9;33
"- Rookies impress - Fasano gets the start - Steen plays all 59 snapshttp://bit.ly/2wMfoFm ";17;54
"In South Florida for eight years, @reshadjones9 now calls Miami home. This is #TheLife, Presented by Aston Martin Residences Miami.pic.twitter.com/v1WKZ6iXoo";46;129
". @nflcommish, @TomGarfinkel, @KStills, @Michael31Thomas and @Julius_Thomas went on a Ride Along with @northmiamipd this morning.pic.twitter.com/R59Fy1UTLe";110;246
". @God_Son80 making memories during our home opener at @HardRockStadium.pic.twitter.com/AUpENf1loC";365;1078
"@elbravo_47 https://twitter.com/PFF/status/917755618513051653 …";66;283
"We are all #CancerFighters. #CrucialCatchhttps://twitter.com/TackleCancer/status/917202015184478208 …";15;84
"As we reach the quarter mark of the season, we break down the numbers from the first four games.https://cards.twitter.com/cards/btiww/4w1ms …";16;39
"Prepping for Sunday's game against the Falcons. This is your #DolphinsDaily presented by @Aquafinapic.twitter.com/FmSMOYGlHL";9;60
"On Sunday, we hosted our first CommUNITY Tailgate of the season with @RISEtoWIN.pic.twitter.com/nZATxOzdpV";13;48
". @KDx32 had a special surprise for Shaqueenia and her kids.pic.twitter.com/6pgOslhjEv";84;363
"Building off of the victory over the Titans as we head into Sunday's game. This is your #DolphinsDaily presented by @Aquafinapic.twitter.com/zQA36ebRxI";16;98
"The defense continues to step up.https://cards.twitter.com/cards/btiww/4vzzt …";20;66
". @JohnCongemi has your #TENvsMIA recap from Sunday's home opener at @HardRockStadium! This is your #DolphinsDaily, presented by @Aquafina.pic.twitter.com/1obbe6BEgm";17;45
"A goal for the defense? Stopping the run. Yesterday, the defense held the Titans to 69-rushing yards.http://bit.ly/2y7NtBk ";37;138
"With our victory yesterday, you receive 50% off your http://PapaJohns.com  order. Promo Code: FINSWINhttps://cards.twitter.com/cards/btiww/4vtw7 …";15;76
"Recapping Sunday's win, highlighting individual performances and more. This is your #DolphinsDaily, presented by @Aquafina.pic.twitter.com/nG3uG4uU8t";15;44
"See how veteran linebackers Lawrence Timmons and Rey Maualuga performed in Sunday's home opener. https://cards.twitter.com/cards/btiww/4vx5j …";25;102
"The Audible with Kim Bokamper presented by @UMiamiHealth. Today's guest: John Congemihttps://www.pscp.tv/w/bKpmizMyNzA1fDFNbnhubXdFWEV3Sk8f7thLANnFsCYW0bvXh_A16Fikwvil7Vsgs0tEjBOBKQ== …";21;55
"- Defense holds Titans to 188 total yards - LBs lead team with tackles - Turning around the offensehttp://bit.ly/2y5lRN3 ";36;158
"Dolphins Live: Coach Gase meets with the media.https://www.pscp.tv/w/bKo1vDMyNzA1fDF5cEtkbFpPUGtuS1dfDNX_xKxXemRI5YLhw3bu8nL-kPrapLBuXTw4UWwt6A== …";107;183
"Miami Dolphins statements.https://cards.twitter.com/cards/btiww/4vvr2 …";162;242
""Jones had a fire about him right from when he walked into the locker room.”http://bit.ly/2yanLO4 ";29;127
"With his first game at home under his belt, @charles_ao1 has a message for you. #FinsUppic.twitter.com/zhg3KXcTez";65;261
"Back-to-back sacks for @BranchNOut90. The @PaniniAmerica photo of the game.pic.twitter.com/WZAyh1pTVL";36;150
". @reshadjones9 and @Kold91 have a message for you after this afternoon's home opener. #TENvsMIApic.twitter.com/W4iXkedX9l";85;313
"“It’s scary to know the potential we have” - LB Rey Maualuga Hear from the guys after #TENvsMIA.http://bit.ly/2glKFcc ";32;127
"Behind the lens from #TENvsMIA. #FinsUppic.twitter.com/GkEe9wr6ep";44;138
