text;retweets;favorites
". @NdamukongSuh checking out tonight’s matchup between @tkalions and @conchsfootball on Facebook Live! Watch: http://facebook.com/MiamiDolphinsH …pic.twitter.com/3g9lE2tsM1";22;69
"We are LIVE! @tkalions and @conchsfootball kickoff soon! Stream: https://www.facebook.com/MiamiDolphinsHighSchoolLive/videos/166575510591895/ …pic.twitter.com/qQ2jifFqjf";8;36
"Friday Night Lights! Catch two undefeated teams go head-to-head on Facebook Live at 7:00 tonight. Watch: https://www.facebook.com/MiamiDolphinsHighSchoolLive/ …pic.twitter.com/5AwPNwY25u";5;32
"#TheAudible: Football Fridays with Kim Bokamper and Joe Rose.https://www.pscp.tv/w/bLkY7jMyNzA1fDFtbkdlck1ueVpOSlgIjgUzLKYys_E0eiQkhyKwLjyhWw3mCPgxi1IJifJJlg== …";22;64
"- Starting off Physical - @God_Son80’s TD - @maualuga58’s quick impact - Close Gameshttp://bit.ly/2yw1E5X ";8;50
"Huddle Up with Huggies® and bring a pack of diapers to the Dolphins game on October 22 to enjoy pre-game prizes and games. #NoBabyUnhuggedpic.twitter.com/GOAKbmG97Z";18;45
"Check out tonight's high school game as @tkalions hosts @conchsfootball at 7:00 pm. Stream: http://www.facebook.com/MiamiDolphinsHighSchoolLive/ …pic.twitter.com/JIj9KpfI3N";13;40
"A rivalry that started in 1966 and hasn't slowed down since. 10.22.17 | 1:00 PM | FOXpic.twitter.com/DudT218XDZ";153;468
"That home game feeling. 10.22.17 | 1:00 PM | FOXpic.twitter.com/C7gvwKZ0rI";83;298
"Dolphins Live: Coach Gase meets with the media.https://www.pscp.tv/w/bLjWuTMyNzA1fDF2T0d3Tm5XZHliS0JxXWyCWZ_e2WNfGiO-6qbRrkXlUg_cEdXfjrCZynfh6A== …";22;68
"Descubre cómo ayudamos a algunos estudiantes a encontrar sus disfraces favoritos de Halloween y mucho más.pic.twitter.com/pzLTb4lwtz";16;53
"As we celebrate the 45th anniversary of the Perfect Season, we look back at your favorite memories from 1972.http://bit.ly/2xaBOjZ ";30;66
"- Your #NYJvsMIA Preview - On the with Coach Gase - @RISEtoWIN Award Winners This is your #DolphinsDaily, presented by @BaptistHealthSF.pic.twitter.com/WUXajlF58m";13;56
"What its going to take to get the W on Sunday.https://cards.twitter.com/cards/btiww/4xgdr …";18;56
"The latest injury report ahead of #NYJvsMIA.https://cards.twitter.com/cards/btiww/4xbcn …";16;29
". @JayTrain23 credits the offensive line for setting the tone early with the run game. One-On-One Presented by @BaptistHealthSFpic.twitter.com/vBlfZjksLC";38;132
"3 2 1... Liftoff! #KikoCarry #NASApic.twitter.com/TrkRFpW5BJ";138;435
"Leave it all on the field. 10.22.17 | 1:00 PM | FOXpic.twitter.com/Na2teY5fjo";118;420
"How would @ReshadJones9 classify Sunday's victory? "A total team effort." One-On-One Presented by @BaptistHealthSFpic.twitter.com/rOJsLfawPA";20;78
"- Previewing Sunday's game - @RISEtoWIN Award Winners - Hear from Coach Gase This is your #DolphinsDaily, presented by @BaptistHealthSFpic.twitter.com/DEaU2rbf3L";8;30
"- What Coach Burke sees from his defense - The evolution of SUH - Fede’s special teams performancehttp://bit.ly/2x8Phsz ";9;37
"“You don’t have to remind anybody around here about how critical every week is. It’s pretty clear.”http://bit.ly/2yBoYNe ";11;49
"- Rivalry game at @HardRockStadium - The latest episode of The Audible This is your #DolphinsDaily, presented by @BaptistHealthSFpic.twitter.com/Y5ZbCDSjXd";12;52
"Back at home. Week 7. #NYJvsMIA 10.22.17 | 1:00 PM | FOXpic.twitter.com/vCOlFIF3bv";49;200
"The pass from Cutler, the catch from Jarvis. Coach Gase breaks down @God_Son80's TD in Atlanta.pic.twitter.com/iyTeH1qbOF";81;187
"Looking back at previous #NYJvsMIA matchups at home.http://bit.ly/2x9HXN5 ";19;46
"Dolphins Live: Coach Gase meets with the media.https://www.pscp.tv/w/bLd2aTMyNzA1fDFkUktaYnpFTUVRS0Jn2Kvupjy6nj0Bq1plsGEUQsO_h5LwJKjKvhf1avjlMQ== …";26;57
"Dolphins Live: Defensive Coordinator Matt Burke meet with the media.https://www.pscp.tv/w/bLdztDMyNzA1fDF5cEpkTlJrd01xS1eh1_dUiG5-POmCHZFXNBP4lcBvUoRvcr79R32r83Cbkw== …";16;46
"Dolphins Live: Offensive Coordinator Clyde Christensen meets with the media.https://www.pscp.tv/w/bLdwwDMyNzA1fDFaa0p6ZERqVndOS3bBS24_Xy0JjmJYGsqVBseCfdp_rOKzbj_aFJpK0QZxtQ== …";12;41
"Dolphins Live: Assoc. HC/Special Teams Coord. Darren Rizzi meets with the media.https://www.pscp.tv/w/bLdsojMyNzA1fDFuQUtFV21ha29sSkz81nMNd9an0ORc18hkrq-UgkHYe9n-wG6rLTFxSUvpWQ== …";10;48
". @JayTrain23 is ready to build off Sunday's 130-yd performance and is ready for game two against the Jets. Presented by @BaptistHealthSF.pic.twitter.com/bUmwyHVm4h";75;335
"- 103rd reg season matchup with Jets - Team's mindset for Sunday - The Audible This is your #DolphinsDaily presented by @BaptistHealthSFpic.twitter.com/z67O7Gg7Hk";18;73
"From Dartmouth to the league, Matt Burke has been preparing for this moment.http://bit.ly/2xPWCge ";12;36
"The latest injury report ahead of Sunday’s game.http://bit.ly/2glHl0p ";14;34
"From ATL to MIA, @ReshadJones9 calls South Florida Home. This is #TheLife, Presented by Aston Martin Residences Miami.pic.twitter.com/OVzm1MIc15";27;118
"- Celebrating the 45th Anniversary of the ’72 Season - NFL Takewaways - Early NBA Predictionshttp://bit.ly/2x5uoyg ";77;264
"Hear from the guys after today’s practice as the team prepares for the Jets.http://bit.ly/2yxI2vE ";16;44
"Good luck to the @MiamiHEAT as you start your season tonight!pic.twitter.com/NROMGOBfpy";392;1382
"- Williams’ Makes A Difference - Grading Phillips Performance - Injury Report - Bringing The Intensityhttp://bit.ly/2x5SrNE ";17;52
"7 Tackles. Game winning interception. Balling out in his hometown. You don't want to miss @ReshadJones9 mic'd up.pic.twitter.com/ik4Vvl13dJ";686;1578
"The Audible with Kim Bokamper. Today's guest: Andy Cohenhttps://www.pscp.tv/w/bLZYyjMyNzA1fDFsUEtxcHJkZWJMeGKJPyYeY9_5HPZIBFi5C7V66USH51cBGYPOgM4r5OmO4Q== …";11;36
"Dolphins Live: Jay Cutler meets with the mediahttps://www.pscp.tv/w/bLZPozMyNzA1fDFEWEd5RWdhWmd2R01kQc0LqYazwpxEAH759os0g5mduSxUzXFD0XbgshPpWg== …";30;85
"Congratulations to our @RISEtoWIN Week 7 Winners!https://cards.twitter.com/cards/btiww/4x310 …";12;48
"- Getting in the spirit - All eyes on the Jets - Q&A with Godchaux This is your #DolphinsDaily presented by @BaptistHealthSFpic.twitter.com/flJPkLCoDD";14;59
"Halloween is right around the corner so we took 50 students shopping for costumes yesterday afternoon! pic.twitter.com/S6z1lY7XSA";36;135
"- Focus turns to the Jets - Shop With A Fin - Q&A with @dgodch1 This is your #DolphinsDaily, presented by @BaptistHealthSFpic.twitter.com/lPgEVo1LQP";14;64
"Answering your questions ahead of Sunday's home game against the Jets.http://bit.ly/2ywsc6f ";10;39
"The latest news from the players’ day off.https://cards.twitter.com/cards/btiww/4wzbo …";15;47
". @ReshadJones9 walked us through his game winning interception. Hear what was going through #20's mind. Presented by @BaptistHealthSFpic.twitter.com/7lVWShH3zj";47;122
"¯\_(ツ)_/¯ pic.twitter.com/1RTvFXUufX";701;2148
"#JayTrain #JayTrain #JayTrain #JayTrainhttps://twitter.com/pff/status/920367826350870529 …";245;779
"The 17-point halftime deficit we overcame in Atlanta was the biggest in the NFL this season.http://bit.ly/2yrJsHX ";75;240
". @sammaddie29 has the latest news, including sound bites from Reshad and more. This is your #DolphinsDaily, presented by @BaptistHealthSFpic.twitter.com/kt8O3RXEVs";14;52
"#JayTrain #JayTrain #JayTrain #JayTrain #JayTrain #JayTrainpic.twitter.com/KJZ9JagiCM";191;870
"@Kold91 https://twitter.com/PFF/status/920035652368060416 …";118;482
"- @reshadjones9 breaks down the game winning INT - McCain stops by The Audible This is your #DolphinsDaily, presented by @BaptistHealthSFpic.twitter.com/SQadDre1CH";29;92
". @ACohenFins offers his perspective after Sunday's win as the team turns their focus to the Jets.https://cards.twitter.com/cards/btiww/4wvyy …";19;41
"Hear from Coach Gase and the guys after yesterday's comeback win in Atlanta.http://bit.ly/2hKyxkZ ";21;59
"Breaking down Sunday's win, on this Victory Monday and more. This is your #DolphinsDaily, presented by @BaptistHealthSF.pic.twitter.com/56uv5cKCrn";17;52
""What WE says goes!" - @Kold91 #FinsUppic.twitter.com/13jojnUSz4";92;353
"Sealing the game with an interception in his hometown. What a performance from @reshadjones9!pic.twitter.com/M8l0c14ljp";150;555
". @55KOAMISI is raising money for those affected by the California Wildfires in Sonoma County. Learn More http://bit.ly/2ypvypK ";41;122
"What started as an idea from a @RISEtoWIN town hall, became a reality for a ride along with @browardsheriff's office.pic.twitter.com/BRCA8dH4TL";53;154
"Enter to win the Ultimate VIP Snacking Experience courtesy of @Snyders_Hanover. No Purchase Necessary | Rules http://www.dolphins.com/snyderslance pic.twitter.com/D4FvUI8WW6";8;31
"- Brendel steps up when called upon - Injury Update - Fourth-down conversions - Looking to the Jets.http://bit.ly/2yr3Xol ";12;58
"- Celebrating #VictoryMonday! - Breaking down the win - Week 7: Hosting the Jets This is your #DolphinsDaily presented by @BaptistHealthSFpic.twitter.com/gioYSz1zzh";17;61
"Dolphins Live: Coach Gase meets with the media.https://www.pscp.tv/w/bLOpxTMyNzA1fDF5TnhhVnJyTUFOS2oVtX1W7g8Gj6psvF2gWTLA9BZ8TGc1X2FEbLhhXDUzcg== …";40;111
"The Audible with Kim Bokamper. Today's guest: Sam Madison & Bobby McCainhttps://www.pscp.tv/w/bLOdnTMyNzA1fDFSREdsbmVFcnlxeEyGRsdi1wyHLiukPIom-7HyJYlCWV3EKQ4MWEU99EO5Pg== …";20;67
"Building off of Sunday's victory. #FinsUppic.twitter.com/PCIWpkZlu6";74;304
"The sack. The celebration. #FinsUppic.twitter.com/wTELZE6m4d";98;387
"We do not quit. #FinsUppic.twitter.com/pKscj8wrz8";238;750
"Stepping up to the challenge and completing the comeback.http://bit.ly/2wZac0S ";18;67
"VICTORY MONDAY! #FinsUppic.twitter.com/Z8l8CXX3Dm";450;1249
"With our victory yesterday you receive 50% off your http://PapaJohns.com  order. PROMO CODE: FINSWINhttps://cards.twitter.com/cards/btiww/4wpxd …";40;134
"The smiles haven't stopped. pic.twitter.com/A1wyUecOYm";186;990
"“They just fought. They kept playing every play. Every play they played through the whistle.”http://bit.ly/2zaMgZ6 ";41;151
"All out. The @PaniniAmerica Photo of the Gamepic.twitter.com/kOeKZkqGuN";71;344
"ALL-ABOARD! pic.twitter.com/193q8GpuJj";278;1061
"#JuiceUppic.twitter.com/m1KxGHA5a6";150;553
