text;retweets;favorites
"A PSA to offensive lines, you might want to block @Kold91. Here are a few examples of what could happen if you don't.pic.twitter.com/bMhQfmv9I2";123;416
"Thursday. Night. Football. #FinsUppic.twitter.com/FVU5PxScKC";128;442
"- Roster moves - Davis is a jack-of-all-trades - The latest on DeVante - Drake’s contribution on special teamshttp://bit.ly/2gEU2Hd ";17;61
"Dolphins Live: Matt Moore meets with the mediahttps://www.pscp.tv/w/bL486zMyNzA1fDFtbkdlcnF2QlZySlhSUG5itRMR5VHp8ircjERjobGHKIGDWb_mZkYqq1eJaQ== …";54;168
"Our first Thursday Night Football game was in 1979 against the Patriots.http://bit.ly/2yGcPZD ";12;54
"Dolphins Live: Defensive Coordinator Matt Burke meet with the media.https://www.pscp.tv/w/bL4iDDMyNzA1fDF5b0pNTWJWb2JwSlGu9RVzchIDQsfOhExM8tqfCrKSZV4GONF10QPnPXn1Tg== …";23;68
"Dolphins Live: Offensive Coordinator Clyde Christensen meets with the media.https://www.pscp.tv/w/bL4fZDMyNzA1fDFSREdsblhXZ1hEeEyY_S4O3ebNRNO5GSkZ-SlCQ2FM2CB_AkmMUj6BQm1PKg== …";21;52
"Dolphins Live: Assoc. HC/Special Teams Coord. Darren Rizzi meets with the media.https://www.pscp.tv/w/bL4XKTMyNzA1fDFkakdYTWJuWEFCSlrCMt0yRz_qmKVgDbpri2g2F4DMYJ2HDPi5PARL-H1QQA== …";14;40
"We have signed quarterback David Fales and released cornerback Byron Maxwell.";229;749
". @KStills breaks down his circus catch against the Jets, and discusses the adjustments made in the 2nd half. Presented by @BaptistHealthSFpic.twitter.com/lMXut7YNZv";49;192
"Thank you to everyone who huddled up on 10/22 to help babies in need. If you want to do more, visit http://bit.ly/2yQAPtt  #NoBabyUnhuggedpic.twitter.com/JmzX0d6lko";10;56
"- McCain's interception. - Catch up on The Audible. - Thursday Night This is your #DolphinsDaily, presented by @AutoNation.pic.twitter.com/GVyoSdNmIA";25;73
"A look back at Sunday's victory.https://cards.twitter.com/cards/btiww/4xugr …";20;58
"Today's injury report ahead of Thursday's game in Baltimore.https://cards.twitter.com/cards/btiww/4xsv5 …";17;58
"- Breaking down the W - @KStills 2 TDs in 4th quarter - Preparing for short week This is your #DolphinsDaily, presented by @AutoNation.pic.twitter.com/UqMTHATYqH";17;64
"Make 'em miss, @God_Son80. #JarvisJumppic.twitter.com/wHUUsrHYwC";341;1082
"Hear from the guys after Sunday’s win and as they turn their focus to Baltimore.http://bit.ly/2gDtBSs ";25;95
"- Coach Gase addresses injuries - Jesse Davis steps up - Tight End planhttp://bit.ly/2gEhm7T ";18;68
"- Focus turns to #MIAvsBAL - McCain's clutch interception - The Audible This is your #DolphinsDaily, presented by @AutoNation.pic.twitter.com/CB8ykEDEsa";17;49
"It's VICTORY MONDAY! We have your highlights and recap from yesterday's win. This is your #DolphinsDaily, presented by @AutoNation.pic.twitter.com/f6xPac07mH";24;78
"Just skip to the 48 second mark.https://twitter.com/NFL/status/922478047529353216 …";131;423
"The Audible with Kim Bokamper. Today's guest: John Congemihttps://www.pscp.tv/w/bLzkrzMyNzA1fDF5cEpkTlZQeldSS1dMJL2LEgM0fum1pQE14bQeHLlenSOGNXnDCynt1c2P4w== …";21;44
"CAM. WAKE. IS. A. BEAST.https://twitter.com/PFF/status/922527051269181443 …";945;2140
"Yeah, @KSTILLS caught this…pic.twitter.com/r1pJaTXOEr";160;706
"Dolphins Live: Coach Gase meets with the media.https://www.pscp.tv/w/bLzJ6zMyNzA1fDFkakdYTWJrbndFSlpwAxOfyl5Dyy5PpDvxWLZiaOCgtpDLP5jjlr_M_fs-Lw== …";52;108
". @KSTiLLS stunning grab in the first quarter set up a @God_Son80 TD.https://twitter.com/SportsCenter/status/922202816076185601 …";28;151
"First TD for Anthony Fasano pic.twitter.com/wDtNeaAEcN";38;395
"With our victory yesterday, you receive 50% off your http://papajohns.com  order! Promo Code: FINSWINhttps://cards.twitter.com/cards/btiww/4xncj …";14;80
"We are honored to host Corporal Daniel Lopez and his family as the @Aquafina Military Family of the Game.pic.twitter.com/C940KC6NFq";17;104
"MONSTER.pic.twitter.com/M7yGm5tLEd";208;815
"VICTORY MONDAY! #FinsUppic.twitter.com/GifmsYqf8W";320;796
"This team does not quit.https://cards.twitter.com/cards/btiww/4xp6p …";35;125
""We're a band of brothers." - Bobby McCainpic.twitter.com/OPKwialIAq";157;576
""We just keep fighting. Defensively, special teams, offense, we’re all going to stick together." http://bit.ly/2l9FIYD ";45;189
"The top headlines out of Sunday’s victory over the Jets. http://bit.ly/2xYBRUA ";37;139
"WIN. #FinsUppic.twitter.com/8n0yPZvyrl";264;987
"13 receptions, 178 yards, and 3 touchdowns between @God_Son80 and @KStills. #FinsUppic.twitter.com/DhnddyK5JW";219;677
"Not in Cam's house.pic.twitter.com/nanvwuUtC8";125;565
". @JohnCongemi gives his takeaways after today’s victory against the Jets. http://bit.ly/2l63STU ";17;78
"SOUND ON, JUICE IS FIRED UP. @God_Son80 caught up with @PSchrags on @NFLonFOX after the game.pic.twitter.com/sTK1Du73TJ";1467;2861
"One handed catch? No problem for @julius_thomas.pic.twitter.com/PNccIEi7Hu";147;572
". @KStills second TD of the game. The @PaniniAmerica Photo Of The Gamepic.twitter.com/o6ULvANnmx";51;258
"All out. Every play.pic.twitter.com/gFhDYQvfGC";110;469
"Relive today’s victory through the camera lens.http://bit.ly/2xXq3lo ";25;107
"Moore, to Stills for six! It’s the @Hyundai Drive Of The Game.http://bit.ly/2xYMXsE ";24;165
"#JuiceUppic.twitter.com/yBLpG63Y9L";92;373
"Have a day, @KSTiLLS!pic.twitter.com/PIjY843h5J";124;517
"W! #FinsUppic.twitter.com/Cm73zaiWYC";391;1009
"Comeback kids. #FinsUppic.twitter.com/GA0fRi0AsS";332;1127
"Victory at @HardRockStadium. pic.twitter.com/deYuSxMiGO";318;795
"Dolphins Live: Matt Moore meets with the media.https://www.pscp.tv/w/bLur3jMyNzA1fDFaa0t6ZHdEZXFSSnZHK06F2i1bFRYhy6Nj33Vlm1i0AZm-8v4aZ1c5L1IpJw== …";95;333
"WHAT WE SAY GOES. DON'T EVER COUNT US OUT. @Kold91 pic.twitter.com/rPGI3xgidj";695;1734
"The game winner. #NYJvsMIApic.twitter.com/KaXN6T9wyD";1167;2405
"BALL GAME!! #NYJvsMIApic.twitter.com/zZlP4GUyWf";2764;4073
"PARKEY'S 39-yard field goal is GOOD! #NYJvsMIA | 28-31pic.twitter.com/b7yOylkJhe";535;1310
"BOBBY MCCAIN!!!! LETS GOOOOOOO!!!!pic.twitter.com/ykXzjjfcDU";1126;2206
"OH MY BOBBY MCCAIN!pic.twitter.com/OzM2benEoL";231;625
"CAMERON WAKE #NYJvsMIApic.twitter.com/oT2SCBubZy";172;512
"¯\_(ツ)_/¯https://twitter.com/NFL/status/922190757322043392 …";478;956
"#mood #NYJvsMIApic.twitter.com/TRGN2XsXLg";207;598
"Another one. Moore to @KSTiLLS x 2pic.twitter.com/8HnWcucj8y";364;811
". @KStills with his SECOND TD of the day! #NYJvsMIA | 28-28pic.twitter.com/rq0Q0qnpXx";302;585
"SACK! Cam Wake with his second of the game! Loss of 10 on the play. #NYJvsMIApic.twitter.com/aC3i7tllAu";87;295
"Moore to @KSTILLS for SIX!! #NYJvsMIApic.twitter.com/4KoxsaH5W3";298;696
"After three. #NYJvsMIApic.twitter.com/ZWSgwgd1gV";34;113
"McCown's completes the pass to Seferian-Jenkins for a TD. #NYJvsMIA | 28-14";9;42
"Moore's pass is intercepted by Maye. Jets ball on the 45-yard line. #NYJvsMIA";17;53
"INJURY UPDATE. Jay Cutler has a chest injury, and is questionable to return.pic.twitter.com/1jr2rfrAjd";126;263
"Matt Moore now in at quarterback. #NYJvsMIApic.twitter.com/2cWxx0YCv7";287;1008
"Back for the second half. #NYJvsMIApic.twitter.com/9nSPHxYcCF";36;167
"We have reached the half. #NYJvsMIApic.twitter.com/4lsehX2BdW";49;100
"McCown rushes one yard for the touchdown. #NYJvsMIA | 21-14";15;39
"Cutler's pass is tipped and intercepted by Wilkerson. Jets take over on our one-yard line #NYJvsMIA";17;40
"Go behind the camera lens. #FinsUppic.twitter.com/4Z7fGpe8gS";35;93
"10 Plays. 70 Yards. Fasano caps it off with the TD reception. #NYJvsMIApic.twitter.com/XgU77jmEhJ";146;382
"CUTLER finds FASANO in the end zone for the TD! #NYJvsMIA | 14-14pic.twitter.com/nmihvT4aR0";210;485
"After one. #NYJvsMIApic.twitter.com/12JBdv4M1k";35;107
"McCown completes the pass to Anderson for the TD. #NYJvsMIA | 14-7";13;50
"CAM WAKE WITH THE SACK! Loss of 10yds on the play. #NYJvsMIApic.twitter.com/ysMfpAsu4u";63;186
"TD = Free Frosty Get your free Frosty at @Wendys tomorrow!pic.twitter.com/nmB7ZAWt6S";44;147
"#JuiceUppic.twitter.com/Up8UWIYmfV";131;379
"That. Was. Nice. And just like that, we're all tied up! #NYJvsMIApic.twitter.com/TAg87R4kKm";442;976
"CUTLER TO JUICE for SIX! We are all tied up. #NYJvsMIA | 7-7pic.twitter.com/U0QUHUFP7y";291;581
"McCown completes to Kearse for the touchdown. #NYJvsMIA | 7-0";18;50
"Here we go! #NYJvsMIApic.twitter.com/BJRcpkJqUt";77;245
"Today, we honored Army Sgt. La David T. Johnson and made a contribution to the scholarship fund for his children.https://cards.twitter.com/cards/btiww/4xn26 …";100;238
"Surveying the scene. #NYJvsMIApic.twitter.com/65RAfUaeax";30;159
"Great turnout for today's @RISEtoWIN tailgate before #NYJvsMIA!pic.twitter.com/t5PTMKjbKW";29;87
"Field pic.twitter.com/ejMxlQF7ic";21;130
"#NYJvsMIApic.twitter.com/1lb5eBZS1o";25;140
"Mr. @reshadjones9. #NYJvsMIApic.twitter.com/buUyh9HWnC";74;404
"#NYJvsMIApic.twitter.com/SiCm2UTy4M";39;210
"Taking in the moment. #NYJvsMIApic.twitter.com/kazaHRpS31";27;148
"#views #NYJvsMIApic.twitter.com/bC9VQ5hxpw";23;133
"#NYJvsMIApic.twitter.com/iG6930XBjD";27;118
"LET'S GO!! #NYJvsMIApic.twitter.com/paNTSGXvBE";115;358
"One hour. #NYJvsMIApic.twitter.com/PPbQtX4hir";27;105
"Let it fly. #NYJvsMIApic.twitter.com/wxMbdD3qWl";32;147
"Pouncey is active for #NYJvsMIAhttps://cards.twitter.com/cards/btiww/4xn0a …";12;52
"Calm before #NYJvsMIApic.twitter.com/i7vjeKNsQb";28;127
"pic.twitter.com/AuUGEeo9AZ";56;247
"Looking good @HardRockStadium. pic.twitter.com/PX3G7EWcdL";77;308
"SUHHHHHH #NYJvsMIApic.twitter.com/eokjf744rv";29;144
"#FinsUp!";1;2
"Today's inactives for #NYJvsMIA.pic.twitter.com/T7CFvtaxsQ";42;58
"It feels good to be home at @HardRockStadium. #NYJvsMIApic.twitter.com/14cY0vW1rQ";63;219
"@charles_ao1 is in the zone.pic.twitter.com/98DgcSc36P";11;86
"RBs. #NYJvsMIApic.twitter.com/BkFSw0jDHV";40;184
"Back in our building. #NYJvsMIApic.twitter.com/uHstbwVx8J";72;276
"Gameday Playlist pic.twitter.com/z1yrOD5M3M";27;120
"Looking dapper for gameday, @NdamukongSuh!pic.twitter.com/pyKYBT0G25";23;140
"#NYJvsMIApic.twitter.com/vIlZVhYgRi";56;378
"Locker room is SET! #NYJvsMIApic.twitter.com/za12SGn5oG";76;242
"#CupOfJoe presented by @SiriusXMNFL. Watch today's game on FOXi at 1PM ESThttps://www.pscp.tv/w/bLtG9zMyNzA1fDF2T3h3Tm5qTFFMSkKKfUDUZK1jHYvcXJ1aIj_QiNc_PqafhMl1QmKKqHez0w== …";13;58
"- #NYJvsMIA - @HardRockStadium - FOX - @560WQAM & @KISS999 - Official Miami Dolphins - http://Dolphins.com pic.twitter.com/QgpWIvbMVS";55;147
"IT'S GAMEDAY!! #NYJvsMIApic.twitter.com/fB9PPC3Cfh";336;624
"OFFICIALLY GAMEDAY. #NYJvsMIApic.twitter.com/tLgwUIiIhB";178;535
"10.22.17 | 1:00 PM | FOXpic.twitter.com/gaRC4Y76kJ";86;364
"You documented the comeback, we stitched it together to tell the story. This is Ch. 5 of #FinsJourney. Share yours this week.pic.twitter.com/IIEbpyIHmu";80;234
